Compound,Neutral mass (Da),m/z,Charge,Retention time (min),Chromatographic peak width (min),Identifications,Isotope Distribution,Maximum Abundance,Minimum CV%,20190805_Blank_Pos_06a,20190805_Blank_Pos_06a,Accepted Compound ID,Accepted Description,Adducts,Formula,Score,Fragmentation Score,Mass Error (ppm),Isotope Similarity,Retention Time Error (mins),Compound Link
1.02_175.1338m/z,,175.1338442,1,1.015316667,0.181516667,0,100,565.2356997,---,565.2356997,565.2356997,,,,,,,,,,
1.02_273.1678m/z,,273.1677662,1,1.015316667,0.115633333,0,100 - 9.29,2437.030844,---,2437.030844,2437.030844,,,,,,,,,,
1.02_308.2204n,308.2203794,331.2098281,1,1.015316667,0.09915,0,100 - 11.3,3882.095355,---,3882.095355,3882.095355,,,"M+H, M+Na",,,,,,,
1.02_323.2435m/z,,323.24345,1,1.015316667,0.09915,0,100 - 18.6,1594.452633,---,1594.452633,1594.452633,,,,,,,,,,
1.02_367.2696m/z,,367.2695518,1,1.015316667,0.115633333,0,100 - 20.2,3496.264927,---,3496.264927,3496.264927,,,,,,,,,,
1.02_384.2967m/z,,384.2967364,1,1.015316667,0.09915,0,100 - 37,1029.890109,---,1029.890109,1029.890109,,,,,,,,,,
1.02_424.3041n,424.3040952,442.3377458,1,1.015316667,0.165033333,0,100 - 27.5 - 3.92,10078.59682,---,10078.59682,10078.59682,,,"M+H-2H2O, M+H, M+NH4",,,,,,,
1.02_482.3071n,482.3070976,500.3792545,1,1.015316667,0.181516667,0,100 - 28.8,11099.10939,---,11099.10939,11099.10939,,,"M+H-2H2O, M+NH4, M+Na",,,,,,,
1.03_117.0915m/z,,117.0914537,1,1.031783333,0.165033333,0,100,569.7278921,---,569.7278921,569.7278921,,,,,,,,,,
1.03_287.1835m/z,,287.1835031,1,1.031783333,0.09915,0,100 - 16.7,1418.239014,---,1418.239014,1418.239014,,,,,,,,,,
1.03_558.4210m/z,,558.4209994,1,1.031783333,0.197983333,0,100 - 32.5 - 14.3,9831.134441,---,9831.134441,9831.134441,,,,,,,,,,
1.06_345.2254m/z,,345.2254134,1,1.064733333,0.1321,0,100 - 8.79,1487.432208,---,1487.432208,1487.432208,,,,,,,,,,
1.06_380.2793n,380.2793402,398.3128126,1,1.064733333,0.148566667,0,100 - 5.88,4149.891419,---,4149.891419,4149.891419,,,"M+H, M+NH4",,,,,,,
1.11_456.3531m/z,,456.3530693,1,1.114466667,0.2474,0,100 - 28.2,5431.111809,---,5431.111809,5431.111809,,,,,,,,,,
1.11_616.4630m/z,,616.4629629,1,1.114466667,0.2474,0,100 - 35.1 - 11.4,10000.67899,---,10000.67899,10000.67899,,,,,,,,,,
1.15_514.3948m/z,,514.3948495,1,1.147416667,0.2474,0,100 - 29.7,5565.553551,---,5565.553551,5565.553551,,,,,,,,,,
1.15_572.4368m/z,,572.4367606,1,1.147416667,0.280333333,0,100 - 32.9,5399.279824,---,5399.279824,5399.279824,,,,,,,,,,
1.15_674.5046m/z,,674.5045708,1,1.147416667,0.2968,0,100 - 38.2 - 15.8,9879.009499,---,9879.009499,9879.009499,,,,,,,,,,
1.18_351.2745m/z,,351.274458,1,1.18035,0.19765,0,100 - 27.6,2093.765683,---,2093.765683,2093.765683,,,,,,,,,,
1.18_630.4786m/z,,630.4786007,1,1.18035,0.297133333,0,100 - 37,4917.716071,---,4917.716071,4917.716071,,,,,,,,,,
1.18_732.5466m/z,,732.546599,1,1.18035,0.3136,0,100 - 40.2,8096.078762,---,8096.078762,8096.078762,,,,,,,,,,
1.20_746.5618m/z,,746.561769,1,1.196833333,0.26385,0,100 - 44.4,3442.077757,---,3442.077757,3442.077757,,,,,,,,,,
1.21_688.5201m/z,,688.5201144,1,1.2133,0.280333333,0,100 - 37.7,4139.053913,---,4139.053913,4139.053913,,,,,,,,,,
1.21_790.5884m/z,,790.5883939,1,1.2133,0.34655,0,100 - 46.1,6979.659245,---,6979.659245,6979.659245,,,,,,,,,,
1.23_426.3422m/z,,426.3421586,1,1.229766667,0.21445,0,100 - 17.7,2603.034194,---,2603.034194,2603.034194,,,,,,,,,,
1.23_484.3801m/z,,484.3801159,1,1.229766667,0.379483333,0,100 - 40.4,5082.341678,---,5082.341678,5082.341678,,,,,,,,,,
1.28_848.6301m/z,,848.6300742,1,1.279183333,0.330066667,0,100 - 45.4,5776.322603,---,5776.322603,5776.322603,,,,,,,,,,
1.30_223.0646m/z,,223.0646453,1,1.29565,0.230916667,0,100 - 18.3,1411.65389,---,1411.65389,1411.65389,,,,,,,,,,
1.30_906.6719m/z,,906.671906,1,1.29565,0.329733333,0,100 - 52.8,4759.846256,---,4759.846256,4759.846256,,,,,,,,,,
1.31_542.4218m/z,,542.4217801,1,1.312116667,0.445366667,0,100,3488.29812,---,3488.29812,3488.29812,,,,,,,,,,
1.38_600.4675m/z,,600.4674696,1,1.378333333,0.2968,0,100 - 34.5,3675.606496,---,3675.606496,3675.606496,,,,,,,,,,
1.38_658.5097m/z,,658.5096917,1,1.378333333,0.297133333,0,100 - 36.9,3105.291164,---,3105.291164,3105.291164,,,,,,,,,,
1.49_118.0864m/z,,118.0864393,1,1.493633333,0.395616667,0,100 - 11.8,4730.465424,---,4730.465424,4730.465424,,,,,,,,,,
1.54_258.0782n,258.0782252,281.0517062,1,1.543033333,0.2474,0,100 - 32.5,5214.711787,---,5214.711787,5214.711787,,,"M+H-2H2O, M+Na",,,,,,,
1.54_297.0823m/z,,297.0822955,1,1.543033333,0.148566667,0,100,922.6485753,---,922.6485753,922.6485753,,,,,,,,,,
1.94_445.1203m/z,,445.1203151,1,1.939,0.296816667,0,100 - 43.5,4870.999859,---,4870.999859,4870.999859,,,,,,,,,,
2.00_371.1018m/z,,371.1018459,1,2.004883333,0.296816667,0,100 - 34.6 - 21.4,7008.26148,---,7008.26148,7008.26148,,,,,,,,,,
2.04_332.0969n,332.0969199,297.0830669,1,2.037816667,0.296816667,0,100 - 28.6,6134.307444,---,6134.307444,6134.307444,,,"M+H-2H2O, M+Na",,,,,,,
2.05_258.0781n,258.0780727,281.0516722,1,2.054283333,0.313283333,0,100 - 29.6,8905.795353,---,8905.795353,8905.795353,,,"M+H-2H2O, M+Na",,,,,,,
2.07_429.0163m/z,,429.0163192,1,2.071083333,1.698816667,0,100 - 10,71325.2362,---,71325.2362,71325.2362,,,,,,,,,,
2.22_246.2076m/z,,246.2076454,1,2.219333333,0.098816667,0,100 - 13.2,1401.207527,---,1401.207527,1401.207527,,,,,,,,,,
2.22_269.9667m/z,,269.9666863,1,2.219333333,3.562983333,0,100,39600.08748,---,39600.08748,39600.08748,,,,,,,,,,
2.24_458.0672m/z,,458.0672005,1,2.2358,0.098816667,0,100 - 12.4,2426.024765,---,2426.024765,2426.024765,,,,,,,,,,
2.27_179.0356m/z,,179.0356286,1,2.268733333,0.19765,0,100 - 5.13,4505.04003,---,4505.04003,4505.04003,,,,,,,,,,
2.32_267.9686m/z,,267.9686028,1,2.318483333,3.628866667,0,100,44963.9495,---,44963.9495,44963.9495,,,,,,,,,,
2.38_370.9627m/z,,370.9627424,1,2.384366667,6.99355,0,100,83981.55848,---,83981.55848,83981.55848,,,,,,,,,,
2.80_371.1018m/z,,371.1018181,1,2.796483333,0.346216667,0,100 - 36 - 23.2 - 5.67 - 1.49,52835.39396,---,52835.39396,52835.39396,,,,,,,,,,
2.80_536.1421n,536.1420962,554.1759217,1,2.796483333,0.2968,0,100 - 48.5 - 14.7,14852.72599,---,14852.72599,14852.72599,,,"M+H-H2O, M+NH4, M+Na",,,,,,,
2.81_595.2026m/z,,595.202571,1,2.81295,0.280316667,0,100 - 58.3 - 42,7572.053424,---,7572.053424,7572.053424,,,,,,,,,,
2.83_223.0643m/z,,223.06427,1,2.82975,0.197966667,0,100 - 31.4,1772.694493,---,1772.694493,1772.694493,,,,,,,,,,
2.83_355.0702m/z,,355.0702225,1,2.82975,0.36305,0,100 - 33.9 - 20.9,8082.284157,---,8082.284157,8082.284157,,,,,,,,,,
3.32_429.0890m/z,,429.0889767,1,3.324533333,0.247383333,0,100 - 56.8 - 15.3,4912.184045,---,4912.184045,4912.184045,,,,,,,,,,
3.36_614.1784m/z,,614.1783816,1,3.357466667,0.280333333,0,100 - 53.9,3945.399529,---,3945.399529,3945.399529,,,,,,,,,,
3.42_414.3191m/z,,414.3191026,1,3.42335,0.115283333,0,100,1394.455474,---,1394.455474,1394.455474,,,,,,,,,,
3.52_355.0703m/z,,355.0702634,1,3.522183333,0.247383333,0,100 - 33.7,4105.702013,---,4105.702013,4105.702013,,,,,,,,,,
3.52_669.2212m/z,,669.2212023,1,3.522183333,0.313266667,0,100 - 62.8 - 47.2 - 24.1 - 10.6,30297.17021,---,30297.17021,30297.17021,,,,,,,,,,
3.54_371.1017m/z,,371.1017456,1,3.53865,0.32975,0,100 - 36.7 - 23.2 - 5.06,23613.63897,---,23613.63897,23613.63897,,,,,,,,,,
3.54_445.1203m/z,,445.1203392,1,3.53865,0.263866667,0,100 - 37.8 - 27.2,7398.973098,---,7398.973098,7398.973098,,,,,,,,,,
3.54_610.1612n,610.1611844,628.19501,1,3.53865,0.2968,0,100 - 58.9 - 42.7 - 16.6 - 6.68,63496.67052,---,63496.67052,63496.67052,,,"M+H-H2O, M+NH4, M+Na",,,,,,,
3.56_240.0675n,240.0674657,223.0641774,1,3.555116667,0.346216667,0,100 - 22.8,10924.66161,---,10924.66161,10924.66161,,,"M+H-H2O, M+H",,,,,,,
3.77_505.0870m/z,,505.0869542,1,3.769566667,0.23125,0,100 - 43.7,3166.14461,---,3166.14461,3166.14461,,,,,,,,,,
3.80_355.0707m/z,,355.0706627,1,3.802516667,0.1983,0,100 - 21.4,1670.795519,---,1670.795519,1670.795519,,,,,,,,,,
3.82_507.1006m/z,,507.1006472,1,3.81965,0.247716667,0,100 - 38.9,4482.740673,---,4482.740673,4482.740673,,,,,,,,,,
3.97_298.0550n,298.0549641,281.0516759,1,3.967883333,0.313266667,0,100 - 25.6 - 11.8,12711.62586,---,12711.62586,12711.62586,,,"M+H-H2O, M+H",,,,,,,
3.98_223.0643m/z,,223.0642705,1,3.98435,0.44505,0,100 - 27,7588.462428,---,7588.462428,7588.462428,,,,,,,,,,
3.98_371.1018m/z,,371.1018356,1,3.98435,0.4286,0,100 - 35.8 - 15.4 - 2.7,14953.02303,---,14953.02303,14953.02303,,,,,,,,,,
4.00_332.0966n,332.0966245,297.0827715,1,4.000816667,0.4286,0,100 - 23.3,8059.706759,---,8059.706759,8059.706759,,,"M+H-2H2O, M+Na",,,,,,,
4.00_478.1784m/z,,478.1784319,1,4.000816667,0.1153,0,100 - 38.7,1436.445644,---,1436.445644,1436.445644,,,,,,,,,,
4.00_520.1109n,520.1109049,538.1447304,1,4.000816667,0.280333333,0,100 - 52.3 - 32.1 - 10.9,21607.73973,---,21607.73973,21607.73973,,,"M+NH4, M+Na",,,,,,,
4.00_729.2239m/z,,729.2238991,1,4.000816667,0.21445,0,100 - 65.7 - 56.1 - 29.7,7078.844629,---,7078.844629,7078.844629,,,,,,,,,,
4.02_688.1970m/z,,688.1969678,1,4.017283333,0.3133,0,100 - 64.3 - 55.6 - 22.5 - 9.65,14682.44102,---,14682.44102,14682.44102,,,,,,,,,,
4.03_503.1076m/z,,503.1075721,1,4.03375,0.2474,0,100 - 48.1 - 55.3,3314.785316,---,3314.785316,3314.785316,,,,,,,,,,
4.03_521.1183m/z,,521.1183366,1,4.03375,0.329766667,0,100 - 49.4 - 35.2 - 13.4 - 5.62 - 0.858,49575.24457,---,49575.24457,49575.24457,,,,,,,,,,
4.15_261.1457m/z,,261.1457196,1,4.149383333,0.115316667,0,100 - 14.7,1641.004526,---,1641.004526,1641.004526,,,,,,,,,,
4.15_315.0936m/z,,315.0935616,1,4.149383333,0.115333333,0,100 - 19.4,807.5128739,---,807.5128739,807.5128739,,,,,,,,,,
4.15_684.1799n,684.1798868,702.2137123,1,4.149383333,0.313633333,0,100 - 63.7 - 49.6 - 21.6 - 9.14,111902.5747,---,111902.5747,111902.5747,,,"M+H-H2O, M+NH4, M+Na",,,,,,,
4.15_743.2402m/z,,743.240206,1,4.149383333,0.263883333,0,100 - 67.9 - 55.4 - 28.6 - 14.4 - 7.49 - 2.64,61500.70048,---,61500.70048,61500.70048,,,,,,,,,,
4.17_429.0889m/z,,429.0888959,1,4.16585,0.164733333,0,100 - 50.3,2139.654219,---,2139.654219,2139.654219,,,,,,,,,,
4.17_445.1203m/z,,445.1202594,1,4.16585,0.214466667,0,100 - 41.1 - 29.2 - 5.52,6626.723791,---,6626.723791,6626.723791,,,,,,,,,,
4.22_584.1320m/z,,584.1320377,1,4.2153,0.1812,0,100 - 56.1 - 44.3,5130.667758,---,5130.667758,5130.667758,,,,,,,,,,
4.25_344.3526m/z,,344.3526136,1,4.248233333,0.626566667,0,100 - 20.8,8445.763179,---,8445.763179,8445.763179,,,,,,,,,,
4.31_167.0343m/z,,167.0343427,1,4.314116667,0.412466667,0,100 - 9.61,9925.487803,---,9925.487803,9925.487803,,,,,,,,,,
4.40_429.0885m/z,,429.0885325,1,4.3968,0.148233333,0,100 - 34.5,1909.315277,---,1909.315277,1909.315277,,,,,,,,,,
4.40_580.1130n,580.1129672,598.1477437,1,4.3968,0.3136,0,100 - 55.6 - 43.3 - 16.4 - 6.3,53384.26518,---,53384.26518,53384.26518,,,"M+H, M+NH4",,,,,,,
4.41_538.1811m/z,,538.1811078,1,4.413266667,0.181183333,0,100 - 53.1 - 31.4,4164.42287,---,4164.42287,4164.42287,,,,,,,,,,
4.46_402.3777m/z,,402.3777277,1,4.462683333,0.841333333,0,100 - 33.2,10071.57327,---,10071.57327,10071.57327,,,,,,,,,,
4.55_762.2139m/z,,762.2139454,1,4.545033333,0.3462,0,100 - 70.8 - 54.5 - 26.7 - 12.1,21177.96675,---,21177.96675,21177.96675,,,,,,,,,,
4.55_803.2426m/z,,803.242565,1,4.545033333,0.21445,0,100 - 77.7 - 67.3 - 37.5 - 19.7,15303.69888,---,15303.69888,15303.69888,,,,,,,,,,
4.56_281.0517m/z,,281.0516961,1,4.5615,0.21445,0,100 - 25 - 15.2,5199.318887,---,5199.318887,5199.318887,,,,,,,,,,
4.56_312.3265m/z,,312.3265242,1,4.5615,0.082683333,0,100 - 15.5,824.6740974,---,824.6740974,824.6740974,,,,,,,,,,
4.56_332.0969n,332.0969209,297.083068,1,4.5615,0.39595,0,100 - 27.6 - 36.2,19551.27639,---,19551.27639,19551.27639,,,"M+H-2H2O, M+Na",,,,,,,
4.56_594.1305n,594.1304664,612.164292,1,4.5615,0.2968,0,100 - 55.3 - 41.4 - 15.6 - 6.4 - 2.7,289711.8004,---,289711.8004,289711.8004,,,"M+H, M+NH4, M+Na",,,,,,,
4.56_653.1900m/z,,653.1900401,1,4.5615,0.181516667,0,100 - 62.9 - 54.5 - 43.6 - 21.8,9596.825092,---,9596.825092,9596.825092,,,,,,,,,,
4.58_371.1017m/z,,371.1017101,1,4.5783,0.247383333,0,100 - 35.8 - 32.6 - 9.15,18013.42527,---,18013.42527,18013.42527,,,,,,,,,,
4.58_445.1203m/z,,445.1202521,1,4.5783,0.1815,0,100 - 42.4 - 31.8,6211.884548,---,6211.884548,6211.884548,,,,,,,,,,
4.59_221.0849m/z,,221.084906,1,4.594783333,0.115633333,0,100 - 19.4,882.8082767,---,882.8082767,882.8082767,,,,,,,,,,
4.59_534.1630n,534.1630285,552.196854,1,4.594783333,0.1815,0,100 - 52.2 - 34.4 - 12.4 - 4.73,22566.87737,---,22566.87737,22566.87737,,,"M+NH4, M+Na",,,,,,,
4.64_817.2590m/z,,817.258965,1,4.644183333,0.297133333,0,100 - 72.3 - 61.4 - 33 - 16.4 - 7.85 - 3.2,96294.2287,---,96294.2287,96294.2287,,,,,,,,,,
4.66_758.1981n,758.1981462,776.2324375,1,4.660666667,0.2642,0,100 - 73.3 - 61.9 - 29.4 - 13 - 8.02 - 3.3,125155.3646,---,125155.3646,125155.3646,,,"M+H-H2O, M+NH4",,,,,,,
4.68_608.2226m/z,,608.2225844,1,4.677133333,0.131766667,0,100 - 50.3 - 34.7,3076.116891,---,3076.116891,3076.116891,,,,,,,,,,
4.71_658.1509m/z,,658.150932,1,4.710066667,0.247383333,0,100 - 62.8 - 47 - 19.9 - 11.9,15143.86153,---,15143.86153,15143.86153,,,,,,,,,,
4.76_598.1837m/z,,598.1837104,1,4.759483333,0.165033333,0,100 - 48.9,2226.365133,---,2226.365133,2226.365133,,,,,,,,,,
4.79_400.3756m/z,,400.375619,1,4.792416667,0.725733333,0,100 - 29.1,23603.07265,---,23603.07265,23603.07265,,,,,,,,,,
4.79_723.2678m/z,,723.2678035,1,4.792416667,0.09915,0,100 - 52.7,1281.513264,---,1281.513264,1281.513264,,,,,,,,,,
4.81_338.3423m/z,,338.3423227,1,4.8089,1.088733333,0,100 - 25.3 - 3.02,49228.8561,---,49228.8561,49228.8561,,,,,,,,,,
4.81_686.1827m/z,,686.1826698,1,4.8089,0.115616667,0,100 - 64.3,1773.161138,---,1773.161138,1773.161138,,,,,,,,,,
4.83_713.1937m/z,,713.1937445,1,4.8257,0.247383333,0,100 - 72.3 - 55.5 - 43.2 - 23.4,17419.19098,---,17419.19098,17419.19098,,,,,,,,,,
4.84_672.1672m/z,,672.1671939,1,4.842166667,0.3795,0,100 - 63.7 - 49.9 - 22.2 - 9.93 - 5.75,107674.743,---,107674.743,107674.743,,,,,,,,,,
4.91_614.1984m/z,,614.1984086,1,4.90805,0.1647,0,100 - 45.7 - 20,5069.337838,---,5069.337838,5069.337838,,,,,,,,,,
4.92_444.1131n,444.1130635,445.1203399,1,4.924516667,0.346216667,0,100 - 42.4 - 28.7 - 8.81 - 3.12,69157.31574,---,69157.31574,69157.31574,,,"M+H, M+NH4",,,,,,,
4.94_429.0886m/z,,429.0885584,1,4.940983333,0.21445,0,100 - 40.8 - 31.2 - 6.09,7999.611783,---,7999.611783,7999.611783,,,,,,,,,,
4.96_836.2327m/z,,836.2327205,1,4.957466667,0.395633333,0,100 - 78.4 - 70.1 - 37.9 - 15.7 - 10.1,25704.5223,---,25704.5223,25704.5223,,,,,,,,,,
4.96_877.2603m/z,,877.2603022,1,4.957466667,0.346216667,0,100 - 80.3 - 73.7 - 43.3 - 23.9 - 13.5,24373.96449,---,24373.96449,24373.96449,,,,,,,,,,
4.97_709.1545n,709.1544784,727.2086379,1,4.973933333,0.247383333,0,100 - 67.9 - 51.4 - 27.6 - 13.8 - 7.97 - 3.56,70265.07989,---,70265.07989,70265.07989,,,"M+H-H2O, M+NH4",,,,,,,
4.99_355.0703m/z,,355.0703148,1,4.9904,0.4289,0,100 - 33.3,5246.546899,---,5246.546899,5246.546899,,,,,,,,,,
4.99_686.1832m/z,,686.1831704,1,4.9904,0.280333333,0,100 - 62.7 - 49.3 - 20.5 - 9.1 - 4.78,397681.8926,---,397681.8926,397681.8926,,,,,,,,,,
5.02_352.3560m/z,,352.3559865,1,5.023333333,0.1153,0,100 - 22.5,1198.981394,---,1198.981394,1198.981394,,,,,,,,,,
5.06_452.3944m/z,,452.3944069,1,5.056283333,0.148566667,0,100 - 28.6,2628.253543,---,2628.253543,2628.253543,,,,,,,,,,
5.09_371.1018m/z,,371.1018102,1,5.08955,0.445366667,0,100 - 35.9 - 25.3 - 5.37,19440.08701,---,19440.08701,19440.08701,,,,,,,,,,
5.09_608.1816n,608.1815825,626.2154081,1,5.08955,0.247383333,0,100 - 57.3 - 41.2 - 16.6 - 6.83,57337.37385,---,57337.37385,57337.37385,,,"M+NH4, M+Na",,,,,,,
5.09_832.2171n,832.217135,850.2510855,1,5.08955,0.280333333,0,100 - 80.6 - 66.6 - 35.1 - 17.2 - 10.4 - 5.18,109198.1589,---,109198.1589,109198.1589,,,"M+H-H2O, M+NH4",,,,,,,
5.09_891.2777m/z,,891.2776766,1,5.08955,0.263866667,0,100 - 83.1 - 73.5 - 42.7 - 21.8 - 10.5 - 4.41 - 1.6,110350.9645,---,110350.9645,110350.9645,,,,,,,,,,
5.11_682.2413m/z,,682.2413048,1,5.106033333,0.1321,0,100 - 60.3 - 55.4 - 23.1,4523.252002,---,4523.252002,4523.252002,,,,,,,,,,
5.14_732.1722m/z,,732.1722229,1,5.138966667,0.395633333,0,100 - 67.4 - 55 - 28.5 - 12.2,25582.7136,---,25582.7136,25582.7136,,,,,,,,,,
5.16_773.1976m/z,,773.1976003,1,5.155433333,0.230916667,0,100 - 70.5 - 58.3 - 43.8,9289.298982,---,9289.298982,9289.298982,,,,,,,,,,
5.25_531.4075m/z,,531.4074526,1,5.254266667,0.1321,0,100 - 42.8,1334.579638,---,1334.579638,1334.579638,,,,,,,,,,
5.25_672.2029m/z,,672.2028598,1,5.254266667,0.1815,0,100 - 64.4 - 56.8 - 27.8,6205.898713,---,6205.898713,6205.898713,,,,,,,,,,
5.30_522.1499m/z,,522.1498861,1,5.303666667,0.16505,0,100 - 50.3 - 35.7 - 11.2 - 4.32,12829.81245,---,12829.81245,12829.81245,,,,,,,,,,
5.30_746.1853m/z,,746.185277,1,5.303666667,0.643333333,0,100 - 69.9 - 60 - 29.1 - 14.6 - 6.39 - 2.9,135672.4978,---,135672.4978,135672.4978,,,,,,,,,,
5.30_787.2125m/z,,787.2125189,1,5.303666667,0.445366667,0,100 - 76.3 - 63.2 - 39.4 - 21.3 - 16.1,62897.18664,---,62897.18664,62897.18664,,,,,,,,,,
5.30_797.2866m/z,,797.286601,1,5.303666667,0.115633333,0,100 - 74.1 - 68.1,3455.637632,---,3455.637632,3455.637632,,,,,,,,,,
5.42_727.2449m/z,,727.2449301,1,5.4193,0.131766667,0,100 - 74.6,2077.154095,---,2077.154095,2077.154095,,,,,,,,,,
5.42_951.2787m/z,,951.2787117,1,5.4193,0.4289,0,100 - 91.7 - 80.1 - 50.8 - 29.4 - 14.3,29533.31258,---,29533.31258,29533.31258,,,,,,,,,,
5.44_580.1911m/z,,580.1910713,1,5.435766667,0.1153,0,100 - 50.2,1548.938632,---,1548.938632,1548.938632,,,,,,,,,,
5.44_689.2166m/z,,689.2166314,1,5.435766667,0.19765,0,100 - 49.2,3642.218946,---,3642.218946,3642.218946,,,,,,,,,,
5.44_910.2506m/z,,910.2506419,1,5.435766667,0.445383333,0,100 - 86.1 - 79 - 41.8 - 21.2 - 12.4,27642.70167,---,27642.70167,27642.70167,,,,,,,,,,
5.45_676.1076m/z,,676.1075559,1,5.452233333,0.098816667,0,100 - 55.8,1301.460573,---,1301.460573,1301.460573,,,,,,,,,,
5.47_760.2018m/z,,760.2018277,1,5.468716667,0.478316667,0,100 - 70.8 - 58.7 - 27.2 - 12.9 - 6.01 - 2.49,371022.4756,---,371022.4756,371022.4756,,,,,,,,,,
5.47_801.2280m/z,,801.2279851,1,5.468716667,0.46185,0,100 - 75.7 - 61.8 - 32.9 - 16.9 - 7.49 - 3.52 - 1.48 - 0.278,161183.7147,---,161183.7147,161183.7147,,,,,,,,,,
5.53_281.0516m/z,,281.051566,1,5.5346,0.1321,0,100 - 24,1304.8051,---,1304.8051,1304.8051,,,,,,,,,,
5.53_518.1314n,518.1314446,536.1661406,1,5.5346,0.2474,0,100 - 49 - 34.1 - 11.4 - 4.22 - 1.24 - 0.375 - 0.0499,510629.4689,---,510629.4689,510629.4689,,,"M+H, M+NH4",,,,,,,
5.55_503.1076m/z,,503.1076316,1,5.551066667,0.165033333,0,100 - 48.4 - 29.1,3727.6627,---,3727.6627,3727.6627,,,,,,,,,,
5.55_756.2603m/z,,756.2602602,1,5.551066667,0.1321,0,100 - 57.2,1834.716221,---,1834.716221,1834.716221,,,,,,,,,,
5.58_924.2698m/z,,924.2697596,1,5.584333333,0.346866667,0,100 - 88.6 - 80.3 - 44.8 - 23.3 - 13.3 - 6.26,98790.48081,---,98790.48081,98790.48081,,,,,,,,,,
5.58_965.2965m/z,,965.2964533,1,5.584333333,0.313266667,0,100 - 91.9 - 83.7 - 51.5 - 27.6 - 13.9 - 6.54 - 2.64,110604.4388,---,110604.4388,110604.4388,,,,,,,,,,
5.65_222.0574n,222.0574174,445.1201341,1,5.650216667,0.131766667,0,100 - 30.4,2220.680763,---,2220.680763,2220.680763,,,"M+H, 2M+H",,,,,,,
5.65_371.1018m/z,,371.1018187,1,5.650216667,0.1815,0,100 - 34,2541.678057,---,2541.678057,2541.678057,,,,,,,,,,
5.65_741.2608m/z,,741.2607724,1,5.650216667,0.19765,0,100 - 69.8 - 58.2 - 33 - 16.8,15857.91711,---,15857.91711,15857.91711,,,,,,,,,,
5.65_806.1888m/z,,806.1888049,1,5.650216667,0.34655,0,100 - 76 - 66.4 - 35.9 - 18.1,26296.80528,---,26296.80528,26296.80528,,,,,,,,,,
5.65_847.2169m/z,,847.2169036,1,5.650216667,0.544516667,0,100 - 81 - 72.1 - 44.8 - 25.5,28139.88167,---,28139.88167,28139.88167,,,,,,,,,,
5.67_700.2343m/z,,700.2343055,1,5.666683333,0.280666667,0,100 - 65.7 - 52.2 - 23.2 - 10.8 - 6.51,84560.06612,---,84560.06612,84560.06612,,,,,,,,,,
5.68_582.1527m/z,,582.1526512,1,5.683166667,0.131766667,0,100 - 52.5,1463.997221,---,1463.997221,1463.997221,,,,,,,,,,
5.68_732.2062m/z,,732.2061964,1,5.683166667,0.164716667,0,100 - 69.7,1947.574291,---,1947.574291,1947.574291,,,,,,,,,,
5.75_338.0930m/z,,338.0930096,1,5.74905,0.165366667,0,100 - 8.12,5686.194565,---,5686.194565,5686.194565,,,,,,,,,,
5.83_820.2038m/z,,820.2038047,1,5.83205,0.775433333,0,100 - 77.6 - 68.1 - 35.8 - 17.5 - 8.35 - 2.91,123913.6634,---,123913.6634,123913.6634,,,,,,,,,,
5.85_746.2214m/z,,746.2213549,1,5.848533333,0.247716667,0,100 - 75.4 - 63.4 - 24.2,8847.554145,---,8847.554145,8847.554145,,,,,,,,,,
5.85_861.2309m/z,,861.2308974,1,5.848533333,0.6104,0,100 - 81.7 - 70 - 40.9 - 21.8 - 13.2 - 6.78,125500.5395,---,125500.5395,125500.5395,,,,,,,,,,
5.90_871.3053m/z,,871.3053121,1,5.897933333,0.148233333,0,100 - 87.8 - 73.9,4934.114456,---,4934.114456,4934.114456,,,,,,,,,,
5.93_596.1686m/z,,596.1686053,1,5.930883333,0.214116667,0,100 - 57 - 50.9 - 21 - 10.8 - 2.75,33665.23036,---,33665.23036,33665.23036,,,,,,,,,,
6.01_1025.2976m/z,,1025.297638,1,6.013233333,0.379166667,0,100 - 98.6 - 93.7 - 58.2 - 34.2 - 18.6,32561.79173,---,32561.79173,32561.79173,,,,,,,,,,
6.03_984.2681m/z,,984.268081,1,6.0297,0.626866667,0,100 - 90.7 - 79.4 - 43.1 - 25.4 - 14.3,30402.74487,---,30402.74487,30402.74487,,,,,,,,,,
6.06_834.2200m/z,,834.2200449,1,6.06265,1.022833333,0,100 - 80.7 - 69.1 - 34.7 - 17.8 - 8.6 - 3.33 - 1.22,254259.3142,---,254259.3142,254259.3142,,,,,,,,,,
6.06_875.2466m/z,,875.2465969,1,6.06265,0.527716667,0,100 - 81.7 - 71.6 - 39.1 - 20.3 - 9.17 - 3.64 - 1.72 - 0.545,254795.2955,---,254795.2955,254795.2955,,,,,,,,,,
6.08_654.2107m/z,,654.2106875,1,6.07945,0.21445,0,100 - 58.5 - 85.5 - 45.1 - 28.4,13734.10403,---,13734.10403,13734.10403,,,,,,,,,,
6.08_778.2410n,778.241012,761.2377237,1,6.07945,0.2968,0,100 - 84.6 - 51.4 - 27 - 13.6,38425.49693,---,38425.49693,38425.49693,,,"M+H-H2O, M+Na",,,,,,,
6.21_610.1849m/z,,610.1849375,1,6.211216667,0.280333333,0,100 - 56.5 - 41.6 - 15.4 - 6.14 - 2.13 - 0.691 - 0.251,998802.9055,---,998802.9055,998802.9055,,,,,,,,,,
6.21_998.2886m/z,,998.2885671,1,6.211216667,0.346216667,0,100 - 95.3 - 90 - 54.3 - 30.2 - 15.9 - 8.4,87946.43731,---,87946.43731,87946.43731,,,,,,,,,,
6.21_1039.3151m/z,,1039.315103,1,6.211216667,0.346216667,0,97.6 - 100 - 93.2 - 59.5 - 34.5 - 18 - 8.7 - 3.86,103308.1681,---,103308.1681,103308.1681,,,,,,,,,,
6.24_600.1457m/z,,600.1456616,1,6.24415,0.1321,0,100 - 61.2,1524.927165,---,1524.927165,1524.927165,,,,,,,,,,
6.28_880.2084m/z,,880.208407,1,6.277083333,0.247383333,0,100 - 80.9 - 72.6 - 40.7 - 20.4,18316.35363,---,18316.35363,18316.35363,,,,,,,,,,
6.28_921.2346m/z,,921.2346495,1,6.277083333,0.6272,0,100 - 85.9 - 78.4 - 42.5 - 24.9 - 14.2,38214.98883,---,38214.98883,38214.98883,,,,,,,,,,
6.36_656.1713m/z,,656.1712889,1,6.359766667,0.197983333,0,100 - 61.9 - 78.1 - 39.2 - 25.1 - 8.09,13766.20266,---,13766.20266,13766.20266,,,,,,,,,,
6.36_806.2246m/z,,806.2246234,1,6.359766667,0.181516667,0,100 - 78.6,2374.945352,---,2374.945352,2374.945352,,,,,,,,,,
6.38_736.5418m/z,,736.5418012,1,6.37625,0.560983333,0,100 - 54.4,12741.35802,---,12741.35802,12741.35802,,,,,,,,,,
6.38_774.2534m/z,,774.2534,1,6.37625,0.34655,0,100 - 74.1 - 60.9 - 29.5 - 13.4 - 7.95 - 3.61,94518.53506,---,94518.53506,94518.53506,,,,,,,,,,
6.38_815.2798m/z,,815.2797745,1,6.37625,0.230916667,0,100 - 78.1 - 64 - 34.2 - 17.3,45630.32899,---,45630.32899,45630.32899,,,,,,,,,,
6.43_703.4424n,703.4423632,721.5071604,1,6.42565,0.9072,0,100 - 49.8 - 12.8 - 2.07,487978.7095,---,487978.7095,487978.7095,,,"M+H-H2O, M+NH4",,,,,,,
6.46_658.1875m/z,,658.1874569,1,6.4586,0.065883333,0,100 - 67 - 53.2 - 18.6,3250.789806,---,3250.789806,3250.789806,,,,,,,,,,
6.51_714.2145m/z,,714.2145044,1,6.508016667,0.1153,0,100 - 59.9 - 45,3063.831852,---,3063.831852,3063.831852,,,,,,,,,,
6.51_894.2237m/z,,894.223728,1,6.508016667,0.7257,0,100 - 88.6 - 79.4 - 40.1 - 22.9 - 11.1 - 4.58,85214.8875,---,85214.8875,85214.8875,,,,,,,,,,
6.51_935.2496m/z,,935.2495505,1,6.508016667,0.659483333,0,100 - 89.9 - 81.7 - 48.3 - 26.7 - 15.7 - 5.03,163365.5848,---,163365.5848,163365.5848,,,,,,,,,,
6.57_880.2081m/z,,880.2080588,1,6.574216667,0.230916667,0,100 - 80.7 - 73.2,7294.683294,---,7294.683294,7294.683294,,,,,,,,,,
6.57_921.2372m/z,,921.2372454,1,6.574216667,0.263866667,0,100 - 81.8 - 67.5,7779.444271,---,7779.444271,7779.444271,,,,,,,,,,
6.62_670.1875m/z,,670.1875214,1,6.623633333,0.297133333,0,100 - 62.6 - 50.3 - 21.4 - 9.67 - 3.83 - 1.3,123597.2086,---,123597.2086,123597.2086,,,,,,,,,,
6.62_711.2137m/z,,711.2136572,1,6.623633333,0.165033333,0,100 - 68.1 - 53.6 - 46.7 - 19.7,7235.786317,---,7235.786317,7235.786317,,,,,,,,,,
6.62_838.2435n,838.2435318,861.2663502,1,6.623633333,0.26385,0,100 - 85.9 - 60 - 24,15158.23617,---,15158.23617,15158.23617,,,"M+H-H2O, M+Na",,,,,,,
6.64_945.3237m/z,,945.3236585,1,6.6401,0.148233333,0,100 - 85.3 - 78.8,4520.059126,---,4520.059126,4520.059126,,,,,,,,,,
6.67_662.4466n,662.4466324,663.4539088,1,6.67305,1.006033333,0,100 - 44.3 - 10.4 - 2.12,322396.0086,---,322396.0086,322396.0086,,,"M+H, M+NH4",,,,,,,
6.67_716.2284m/z,,716.2284274,1,6.67305,0.2306,0,100 - 64 - 47.5 - 18.7,7057.660578,---,7057.660578,7057.660578,,,,,,,,,,
6.69_741.5846n,741.5846208,780.5688459,1,6.689516667,0.98955,0,100 - 51.4 - 7.36,100135.3157,---,100135.3157,100135.3157,,,"M+Na, M+K",,,,,,,
6.69_750.5589m/z,,750.5589418,1,6.689516667,1.12165,0,100 - 49.1 - 12.8 - 2.64,530624.2532,---,530624.2532,530624.2532,,,,,,,,,,
6.71_794.5847m/z,,794.5846721,1,6.705983333,1.038966667,0,100 - 52.5 - 16.2,104105.5916,---,104105.5916,104105.5916,,,,,,,,,,
6.72_736.5422m/z,,736.5422252,1,6.72245,0.313266667,0,100 - 56.4,6769.13974,---,6769.13974,6769.13974,,,,,,,,,,
6.72_1099.3176m/z,,1099.317575,1,6.72245,0.346216667,0,89.4 - 100 - 95 - 64.8 - 37.3 - 22.3,31285.92307,---,31285.92307,31285.92307,,,,,,,,,,
6.74_1058.2909m/z,,1058.290923,1,6.738933333,0.263866667,0,96.6 - 100 - 99.3 - 63.2 - 36.3 - 21.1,26321.96954,---,26321.96954,26321.96954,,,,,,,,,,
6.77_908.2388m/z,,908.2388494,1,6.771866667,0.67595,0,100 - 87.9 - 79 - 44.1 - 25.3 - 11.7 - 5.73,161353.6847,---,161353.6847,161353.6847,,,,,,,,,,
6.77_949.2655m/z,,949.2655129,1,6.771866667,0.67595,0,100 - 89.3 - 81.6 - 47.4 - 27.1 - 11.8 - 5.61 - 2.52 - 0.958,285031.1471,---,285031.1471,285031.1471,,,,,,,,,,
6.80_728.2294m/z,,728.2293709,1,6.804816667,0.099166667,0,100 - 64.9 - 56.3 - 27.8 - 13,11722.02703,---,11722.02703,11722.02703,,,,,,,,,,
6.82_769.2557m/z,,769.255732,1,6.821616667,0.165033333,0,100 - 70.5 - 54.9,4395.464169,---,4395.464169,4395.464169,,,,,,,,,,
6.82_894.2225m/z,,894.2225146,1,6.821616667,0.230933333,0,100 - 84.4 - 75.3 - 45 - 21.5,18297.03991,---,18297.03991,18297.03991,,,,,,,,,,
6.89_537.5354m/z,,537.5353678,1,6.8875,0.85785,0,100 - 40.2,10428.1025,---,10428.1025,10428.1025,,,,,,,,,,
6.89_624.6400m/z,,624.6400021,1,6.8875,0.874266667,0,100 - 43.1,17473.16553,---,17473.16553,17473.16553,,,,,,,,,,
6.89_660.1483m/z,,660.1482535,1,6.8875,0.1647,0,100 - 64.7 - 55.3 - 22.2,5092.183063,---,5092.183063,5092.183063,,,,,,,,,,
6.89_834.2558m/z,,834.2558461,1,6.8875,0.379483333,0,100 - 79.7 - 70.9 - 37 - 18.3 - 9.34,36128.75615,---,36128.75615,36128.75615,,,,,,,,,,
6.90_875.2826m/z,,875.2826195,1,6.903966667,0.363016667,0,100 - 82.8 - 72.4 - 44.1 - 24.8 - 11.9,30889.11384,---,30889.11384,30889.11384,,,,,,,,,,
6.95_666.1702n,666.170214,684.2040396,1,6.953383333,0.329733333,0,100 - 65.1 - 50.7 - 21.3 - 8.98 - 3.34 - 1.27 - 0.53,3014140.261,---,3014140.261,3014140.261,,,"M+NH4, M+K",,,,,,,
6.95_725.2303m/z,,725.2302695,1,6.953383333,0.313266667,0,100 - 67.2 - 52.2 - 27.1 - 13 - 5.99 - 2.32,218654.2465,---,218654.2465,218654.2465,,,,,,,,,,
6.97_692.1614m/z,,692.1613921,1,6.96985,0.164716667,0,100 - 32.4,2952.669936,---,2952.669936,2952.669936,,,,,,,,,,
7.00_1072.3067m/z,,1072.306663,1,7.002783333,0.4619,0,97.2 - 100 - 94.4 - 60.3 - 34.7 - 19.3 - 9.51,71235.9202,---,71235.9202,71235.9202,,,,,,,,,,
7.00_1113.3336m/z,,1113.3336,1,7.002783333,0.329733333,0,92.3 - 100 - 99.6 - 66.7 - 40.4 - 21.7 - 10.5,84075.20098,---,84075.20098,84075.20098,,,,,,,,,,
7.07_954.2278m/z,,954.2278296,1,7.069,0.37915,0,100 - 97.4 - 92 - 55.9 - 30.9,20994.23504,---,20994.23504,20994.23504,,,,,,,,,,
7.07_995.2532m/z,,995.2531978,1,7.069,0.85745,0,100 - 91.5 - 84.3 - 47.1 - 28.9 - 13,50484.35338,---,50484.35338,50484.35338,,,,,,,,,,
7.13_718.1900m/z,,718.1899807,1,7.134883333,0.197966667,0,100 - 76.6 - 60.3 - 24.4,8167.99792,---,8167.99792,8167.99792,,,,,,,,,,
7.15_595.5882m/z,,595.5882215,1,7.15135,0.97315,0,100 - 42.9,21646.83375,---,21646.83375,21646.83375,,,,,,,,,,
7.20_512.5037m/z,,512.5036766,1,7.200766667,0.775166667,0,100 - 34.6,13433.97594,---,13433.97594,13433.97594,,,,,,,,,,
7.22_624.2359m/z,,624.235897,1,7.217233333,0.775166667,0,100 - 59.8 - 47.6,18419.15814,---,18419.15814,18419.15814,,,,,,,,,,
7.22_730.1901m/z,,730.1900856,1,7.217233333,0.263916667,0,100 - 70 - 57.5 - 26.3 - 13.5 - 5.35,29515.81187,---,29515.81187,29515.81187,,,,,,,,,,
7.22_771.2169m/z,,771.2168942,1,7.217233333,0.230966667,0,100 - 74 - 61.2,9387.602119,---,9387.602119,9387.602119,,,,,,,,,,
7.25_880.2425m/z,,880.2424647,1,7.250183333,0.165033333,0,100 - 82.3,2586.758354,---,2586.758354,2586.758354,,,,,,,,,,
7.27_848.2718m/z,,848.2717559,1,7.26665,0.346266667,0,100 - 82.7 - 71.1 - 37.1 - 18.4 - 10.1 - 4.27,89976.897,---,89976.897,89976.897,,,,,,,,,,
7.28_889.2982m/z,,889.2981533,1,7.283116667,0.36275,0,100 - 85.3 - 73 - 42.5 - 22.3 - 10.7 - 3.92,83271.17946,---,83271.17946,83271.17946,,,,,,,,,,
7.35_1009.2678m/z,,1009.2678,1,7.349383333,0.478366667,0,100 - 97.4 - 91.6 - 56.4 - 33.9 - 18.5 - 9.29,168067.1085,---,168067.1085,168067.1085,,,,,,,,,,
7.37_968.2415m/z,,968.2415348,1,7.365866667,0.445416667,0,100 - 93.2 - 87.7 - 51.8 - 32.5 - 17.2 - 8.53,66820.57641,---,66820.57641,66820.57641,,,,,,,,,,
7.40_776.2303m/z,,776.2302897,1,7.3988,0.280716667,0,100 - 72.4 - 59.2 - 27.7,7623.046642,---,7623.046642,7623.046642,,,,,,,,,,
7.51_995.2614m/z,,995.2614207,1,7.5141,0.478016667,0,100 - 90 - 78.9 - 53.8,13454.79109,---,13454.79109,13454.79109,,,,,,,,,,
7.58_744.2065m/z,,744.2065122,1,7.5803,0.362683333,0,100 - 71 - 58.2 - 27.1 - 13 - 5.54 - 2.16,181355.3961,---,181355.3961,181355.3961,,,,,,,,,,
7.58_785.2327m/z,,785.2327098,1,7.5803,0.329733333,0,100 - 73.4 - 61.1 - 32.3 - 16.4 - 8.05 - 2.97,98691.69354,---,98691.69354,98691.69354,,,,,,,,,,
7.58_935.2856m/z,,935.2856218,1,7.5803,0.280333333,0,100 - 91.4 - 85.2 - 54 - 30.1,13858.35234,---,13858.35234,13858.35234,,,,,,,,,,
7.61_894.2589m/z,,894.2588874,1,7.61325,0.329733333,0,100 - 82.8 - 73.6 - 37.3,11008.96752,---,11008.96752,11008.96752,,,,,,,,,,
7.66_720.1519m/z,,720.1518671,1,7.662666667,0.21445,0,100 - 73.7 - 64.7 - 30.5,6485.740412,---,6485.740412,6485.740412,,,,,,,,,,
7.66_1132.3093m/z,,1132.309304,1,7.662666667,0.363016667,0,91.9 - 100 - 99.4 - 68 - 40.1 - 20.9,25856.95855,---,25856.95855,25856.95855,,,,,,,,,,
7.66_1173.3358m/z,,1173.335824,1,7.662666667,0.34655,0,83.1 - 96.1 - 100 - 70.3 - 42.9 - 25.2,33387.0281,---,33387.0281,33387.0281,,,,,,,,,,
7.71_982.2578m/z,,982.2577826,1,7.712066667,1.0225,0,100 - 93.6 - 90.8 - 51 - 28.6 - 14.8 - 7.25,119678.6397,---,119678.6397,119678.6397,,,,,,,,,,
7.71_1023.2841m/z,,1023.284075,1,7.712066667,0.544183333,0,100 - 96.5 - 92.8 - 56 - 32.1 - 15.6 - 7.13 - 3.7,273115.8342,---,273115.8342,273115.8342,,,,,,,,,,
7.84_843.2742m/z,,843.2741548,1,7.844166667,0.230916667,0,100 - 75.3 - 62 - 39.6 - 22.3,14982.1521,---,14982.1521,14982.1521,,,,,,,,,,
7.86_968.2416m/z,,968.2415762,1,7.860633333,0.280316667,0,100 - 94.8 - 91.7 - 55.5,14497.44646,---,14497.44646,14497.44646,,,,,,,,,,
7.89_1009.2683m/z,,1009.268341,1,7.893583333,0.428566667,0,100 - 95.9 - 90.6 - 58.9 - 35.8,24012.63013,---,24012.63013,24012.63013,,,,,,,,,,
7.91_623.6194m/z,,623.6194127,1,7.91005,0.181166667,0,100 - 46.2 - 10.1,6315.066641,---,6315.066641,6315.066641,,,,,,,,,,
7.91_831.2311m/z,,831.2310974,1,7.91005,0.214116667,0,100 - 78.9,3092.384901,---,3092.384901,3092.384901,,,,,,,,,,
7.93_949.3009m/z,,949.3008548,1,7.926516667,0.445033333,0,100 - 89.4 - 83.8 - 50.5 - 27.5 - 8.93,35451.30294,---,35451.30294,35451.30294,,,,,,,,,,
7.96_778.1935m/z,,778.1934995,1,7.959466667,0.214116667,0,100 - 79.6 - 62.6 - 41.9,7736.546365,---,7736.546365,7736.546365,,,,,,,,,,
7.96_908.2746m/z,,908.2746327,1,7.959466667,0.4121,0,100 - 88.7 - 78.2 - 45.4 - 22.7,33799.28159,---,33799.28159,33799.28159,,,,,,,,,,
8.01_758.2226m/z,,758.2225833,1,8.008866667,0.395616667,0,100 - 72.8 - 60.1 - 27.6 - 12.3 - 4.93 - 1.94 - 0.83 - 0.291,3571320.711,---,3571320.711,3571320.711,,,,,,,,,,
8.01_799.2494m/z,,799.2494135,1,8.008866667,0.4121,0,100 - 75 - 61.4 - 29.3 - 13.2 - 4.87 - 1.79 - 0.583 - 0.111,1657914.838,---,1657914.838,1657914.838,,,,,,,,,,
8.01_814.2839m/z,,814.2838914,1,8.008866667,0.21445,0,100 - 77.8 - 62.8,5925.467382,---,5925.467382,5925.467382,,,,,,,,,,
8.03_788.2384m/z,,788.238361,1,8.025333333,0.197983333,0,100 - 63.5,3084.17887,---,3084.17887,3084.17887,,,,,,,,,,
8.04_1146.3251m/z,,1146.325126,1,8.041816667,0.2968,0,86.5 - 99.8 - 100 - 67.5 - 40.6 - 22.3 - 12.3,55882.95437,---,55882.95437,55882.95437,,,,,,,,,,
8.08_565.5665m/z,,565.566461,1,8.075083333,0.676283333,0,100 - 37.8,10549.08126,---,10549.08126,10549.08126,,,,,,,,,,
8.08_1187.3519m/z,,1187.351934,1,8.075083333,0.395616667,0,84.1 - 94.7 - 100 - 68.5 - 43.1 - 23.8,49692.03116,---,49692.03116,49692.03116,,,,,,,,,,
8.11_1028.2487m/z,,1028.248731,1,8.108016667,0.527716667,0,100 - 93.5 - 82 - 53,17219.48994,---,17219.48994,17219.48994,,,,,,,,,,
8.14_1069.2719m/z,,1069.271886,1,8.140966667,0.659816667,0,95.9 - 97.6 - 100 - 66.2 - 42.4 - 25.7,51145.17889,---,51145.17889,51145.17889,,,,,,,,,,
8.19_652.6712m/z,,652.6712308,1,8.190383333,0.9731,0,100 - 46.1,19927.30395,---,19927.30395,19927.30395,,,,,,,,,,
8.26_836.2352m/z,,836.2352124,1,8.256266667,0.263866667,0,100 - 78.9,4120.332401,---,4120.332401,4120.332401,,,,,,,,,,
8.27_623.6198m/z,,623.6197919,1,8.272733333,0.346216667,0,100 - 40.5 - 10.9,12406.49575,---,12406.49575,12406.49575,,,,,,,,,,
8.29_1023.2841m/z,,1023.284108,1,8.2892,0.2968,0,100 - 97.8 - 98.9 - 68.5,10095.82746,---,10095.82746,10095.82746,,,,,,,,,,
8.34_804.2101m/z,,804.2100612,1,8.33895,0.346216667,0,100 - 80.7 - 66.4 - 34.1 - 18.4 - 7.09,38593.94847,---,38593.94847,38593.94847,,,,,,,,,,
8.36_845.2359m/z,,845.2359024,1,8.355416667,0.329733333,0,100 - 82.7 - 70 - 40.2 - 21.2 - 9.85,54718.55062,---,54718.55062,54718.55062,,,,,,,,,,
8.47_922.2906m/z,,922.2905745,1,8.4707,0.37915,0,100 - 88.9 - 81.6 - 45.7 - 25.1 - 13.8 - 6.27,77897.51572,---,77897.51572,77897.51572,,,,,,,,,,
8.47_963.3168m/z,,963.3167865,1,8.4707,0.445033333,0,100 - 92.2 - 84.4 - 49.7 - 26.8 - 12.7 - 4.95,100493.6293,---,100493.6293,100493.6293,,,,,,,,,,
8.49_1042.2609m/z,,1042.26087,1,8.487183333,0.69275,0,100 - 96.8 - 95.5 - 59.7 - 34.8 - 18.1,59260.60345,---,59260.60345,59260.60345,,,,,,,,,,
8.50_1083.2866m/z,,1083.286612,1,8.50365,0.709233333,0,95.8 - 100 - 97.9 - 63.1 - 39.5 - 20.3 - 9.79,162607.4138,---,162607.4138,162607.4138,,,,,,,,,,
8.57_780.1542m/z,,780.1542352,1,8.569866667,0.21445,0,100 - 81.1 - 71 - 38.4,5503.74914,---,5503.74914,5503.74914,,,,,,,,,,
8.62_540.5349m/z,,540.5349135,1,8.619283333,0.758633333,0,100 - 36.8,13250.34517,---,13250.34517,13250.34517,,,,,,,,,,
8.64_338.0931m/z,,338.0931358,1,8.63575,0.115283333,0,100 - 8.53,4214.199286,---,4214.199286,4214.199286,,,,,,,,,,
8.65_903.2772m/z,,903.2771998,1,8.652216667,0.263866667,0,100 - 80.6 - 69.4 - 42.8,8741.454278,---,8741.454278,8741.454278,,,,,,,,,,
8.69_698.2548m/z,,698.254781,1,8.68515,0.775116667,0,100 - 67.6 - 54.8 - 23.1,41326.48267,---,41326.48267,41326.48267,,,,,,,,,,
8.82_859.2518m/z,,859.251753,1,8.81725,0.412433333,0,100 - 82.4 - 70.6 - 37.5 - 19 - 8.04 - 3.18 - 0.825,276185.6947,---,276185.6947,276185.6947,,,,,,,,,,
8.83_818.2252m/z,,818.2251664,1,8.833716667,0.445366667,0,100 - 78.7 - 68.3 - 34.4 - 17.4 - 8.26 - 3.01,164403.8806,---,164403.8806,164403.8806,,,,,,,,,,
8.87_968.2776m/z,,968.2775946,1,8.866666667,0.330083333,0,100 - 99.8 - 90 - 53.9,10620.89501,---,10620.89501,10620.89501,,,,,,,,,,
8.87_1009.3041m/z,,1009.304075,1,8.866666667,0.363016667,0,100 - 97.3 - 91.7 - 60.5,15184.1456,---,15184.1456,15184.1456,,,,,,,,,,
8.88_1206.3276m/z,,1206.327558,1,8.883133333,0.39595,0,83.8 - 94.9 - 100 - 71.6 - 45.6,23524.69526,---,23524.69526,23524.69526,,,,,,,,,,
8.90_1247.3541m/z,,1247.354125,1,8.8996,0.4289,0,80.1 - 96.2 - 100 - 74.1 - 49.4 - 25.7,33348.12988,---,33348.12988,33348.12988,,,,,,,,,,
8.95_1056.2756m/z,,1056.275586,1,8.949016667,0.62655,0,100 - 99 - 97.1 - 62.7 - 39.1 - 21.5 - 7.89,86941.67452,---,86941.67452,86941.67452,,,,,,,,,,
8.97_838.1968m/z,,838.196799,1,8.965483333,0.247383333,0,100 - 82.8 - 78.6,5511.812291,---,5511.812291,5511.812291,,,,,,,,,,
8.97_1097.3024m/z,,1097.302425,1,8.965483333,0.725366667,0,94.8 - 100 - 98.4 - 65.7 - 39.2 - 21.5 - 10.1 - 4.77,242290.8525,---,242290.8525,242290.8525,,,,,,,,,,
9.20_917.2933m/z,,917.2933252,1,9.1964,0.297133333,0,100 - 85.5 - 76.9 - 44.4 - 22.6,19283.70263,---,19283.70263,19283.70263,,,,,,,,,,
9.23_1143.2925m/z,,1143.292536,1,9.22935,0.445366667,0,95.1 - 99.5 - 100 - 66.7,16653.85141,---,16653.85141,16653.85141,,,,,,,,,,
9.25_905.2397m/z,,905.2396963,1,9.245816667,0.280333333,0,100 - 87.8 - 79.7 - 46.6,10650.08967,---,10650.08967,10650.08967,,,,,,,,,,
9.28_1042.2635m/z,,1042.263498,1,9.278766667,0.577133333,0,96.6 - 100 - 87.7 - 43.3,15511.14051,---,15511.14051,15511.14051,,,,,,,,,,
9.28_1083.2861m/z,,1083.286109,1,9.278766667,0.2968,0,97.8 - 100 - 96.2 - 64.1 - 41.8,18127.87726,---,18127.87726,18127.87726,,,,,,,,,,
9.30_1023.3197m/z,,1023.319739,1,9.295233333,0.51125,0,100 - 95.6 - 94.3 - 62 - 35.2,31238.32732,---,31238.32732,31238.32732,,,,,,,,,,
9.36_1261.3700m/z,,1261.369995,1,9.36145,0.363016667,0,75.1 - 92.7 - 100 - 74.3 - 49.1 - 28.5,32107.55328,---,32107.55328,32107.55328,,,,,,,,,,
9.38_883.2517m/z,,883.2516822,1,9.377916667,0.280316667,0,100 - 76.5 - 87.3,8231.502004,---,8231.502004,8231.502004,,,,,,,,,,
9.39_982.2930m/z,,982.2930116,1,9.394383333,0.51125,0,100 - 96.4 - 93 - 53.8 - 26.9,31201.8465,---,31201.8465,31201.8465,,,,,,,,,,
9.39_1220.3440m/z,,1220.343978,1,9.394383333,0.363016667,0,80 - 93.7 - 100 - 72.5 - 46.6 - 27.8,45481.15813,---,45481.15813,45481.15813,,,,,,,,,,
9.41_832.2416m/z,,832.2415652,1,9.41085,0.4783,0,100 - 80.9 - 69.5 - 35 - 16.5 - 6.98 - 2.89 - 1.31 - 0.544 - 0.0869,2996666.989,---,2996666.989,2996666.989,,,,,,,,,,
9.41_873.2682m/z,,873.2681774,1,9.41085,0.560666667,0,100 - 83.8 - 72.1 - 37.1 - 17.6 - 6.64 - 2.4 - 0.823 - 0.243,3649154.273,---,3649154.273,3649154.273,,,,,,,,,,
9.56_1143.2890m/z,,1143.288982,1,9.559083333,0.428566667,0,91.9 - 99.2 - 100 - 67.9 - 43.5,25485.52859,---,25485.52859,25485.52859,,,,,,,,,,
9.63_651.6508m/z,,651.6507622,1,9.6253,0.610066667,0,100 - 69,7693.760365,---,7693.760365,7693.760365,,,,,,,,,,
9.81_878.2288m/z,,878.2288483,1,9.806483333,0.395616667,0,100 - 84.1 - 74.5 - 41.4 - 21.6 - 9.16,43796.43728,---,43796.43728,43796.43728,,,,,,,,,,
9.82_919.2542m/z,,919.2541618,1,9.823283333,0.494783333,0,100 - 89.7 - 82.2 - 45.8 - 25 - 10.9 - 4.37,103206.959,---,103206.959,103206.959,,,,,,,,,,
10.04_1037.3354m/z,,1037.335397,1,10.0374,0.429066667,0,97.5 - 100 - 94.2 - 58.3 - 32.8 - 16.7 - 7.4,98789.52323,---,98789.52323,98789.52323,,,,,,,,,,
10.05_1157.3050m/z,,1157.305015,1,10.05386667,0.940316667,0,87.7 - 99 - 100 - 68.5 - 43 - 23.7 - 7.8,147875.3762,---,147875.3762,147875.3762,,,,,,,,,,
10.07_996.3083m/z,,996.3082561,1,10.07066667,0.577133333,0,100 - 98.9 - 90.3 - 54 - 30.5 - 15.1,65555.92685,---,65555.92685,65555.92685,,,,,,,,,,
10.07_1116.2784m/z,,1116.278372,1,10.07066667,0.841483333,0,62.5 - 100 - 99.1 - 66.7 - 43,44225.26924,---,44225.26924,44225.26924,,,,,,,,,,
10.22_977.2959m/z,,977.2958772,1,10.2189,0.31345,0,100 - 92.7 - 85.8 - 50.8,11245.85061,---,11245.85061,11245.85061,,,,,,,,,,
10.27_1130.2913m/z,,1130.29133,1,10.26831667,0.626716667,0,91.9 - 100 - 89 - 54,19792.39813,---,19792.39813,19792.39813,,,,,,,,,,
10.28_1171.3202m/z,,1171.320178,1,10.28478333,0.429066667,0,88.4 - 96.5 - 100 - 71.7 - 47 - 25,54154.21527,---,54154.21527,54154.21527,,,,,,,,,,
10.43_892.2435m/z,,892.2434629,1,10.43351667,0.511416667,0,100 - 86 - 78.1 - 43.3 - 22.8 - 11 - 5.16,145084.2161,---,145084.2161,145084.2161,,,,,,,,,,
10.43_933.2705m/z,,933.2705266,1,10.43351667,0.527883333,0,100 - 90 - 80.8 - 45.8 - 23.5 - 10.4 - 4.37 - 1.61,379108.826,---,379108.826,379108.826,,,,,,,,,,
10.52_1280.3469m/z,,1280.346887,1,10.51586667,0.412083333,0,72.7 - 95.3 - 100 - 73.5,17930.08342,---,17930.08342,17930.08342,,,,,,,,,,
10.53_1321.3730m/z,,1321.372978,1,10.53235,0.4783,0,71.4 - 89.7 - 100 - 73.9 - 47.9,29496.09896,---,29496.09896,29496.09896,,,,,,,,,,
10.60_568.5661m/z,,568.5660965,1,10.59855,0.494433333,0,100 - 32.2,5560.564916,---,5560.564916,5560.564916,,,,,,,,,,
10.62_1042.2964m/z,,1042.296404,1,10.61503333,0.39595,0,100 - 90.9,5995.275378,---,5995.275378,5995.275378,,,,,,,,,,
10.63_1083.3229m/z,,1083.322854,1,10.6315,0.478316667,0,95.3 - 100 - 98.7 - 65,17310.75427,---,17310.75427,17310.75427,,,,,,,,,,
10.66_1130.2944m/z,,1130.294421,1,10.66443333,0.461833333,0,92.9 - 98.3 - 100 - 65.3 - 41.7 - 21.4,47084.95609,---,47084.95609,47084.95609,,,,,,,,,,
10.68_1171.3212m/z,,1171.321168,1,10.68091667,0.51125,0,86.8 - 98.3 - 100 - 69.3 - 43.1 - 24.3 - 13.2 - 6.53,143087.738,---,143087.738,143087.738,,,,,,,,,,
10.70_772.2735m/z,,772.2735335,1,10.69738333,0.610066667,0,100 - 75.9 - 60.9 - 28,20823.68043,---,20823.68043,20823.68043,,,,,,,,,,
10.80_338.0931m/z,,338.0931145,1,10.7962,0.197966667,0,100 - 8.31,6823.50311,---,6823.50311,6823.50311,,,,,,,,,,
10.91_991.3115m/z,,991.3114547,1,10.91183333,0.346533333,0,100 - 89.9 - 81.8 - 50.6,17997.89929,---,17997.89929,17997.89929,,,,,,,,,,
10.98_455.2079m/z,,455.2078535,1,10.97771667,0.065883333,0,100 - 9.91,1380.768898,---,1380.768898,1380.768898,,,,,,,,,,
11.03_979.2572m/z,,979.2571903,1,11.02711667,0.4121,0,100 - 88.5 - 80.9 - 51.5,12341.92922,---,12341.92922,12341.92922,,,,,,,,,,
11.14_957.2703m/z,,957.2703406,1,11.14275,0.363016667,0,100 - 84.9 - 98.6 - 60.6,13718.22219,---,13718.22219,13718.22219,,,,,,,,,,
11.18_906.2605m/z,,906.2604897,1,11.17568333,0.560666667,0,100 - 89.3 - 80.1 - 43.4 - 21.6 - 9.64 - 4.12 - 1.89 - 0.813 - 0.21,2690253.849,---,2690253.849,2690253.849,,,,,,,,,,
11.18_947.2869m/z,,947.2868598,1,11.17568333,0.626533333,0,100 - 92.3 - 83.5 - 46.4 - 23.2 - 9.13 - 3.47 - 1.18 - 0.402 - 0.0335,4671975.866,---,4671975.866,4671975.866,,,,,,,,,,
11.21_1294.3619m/z,,1294.36191,1,11.20863333,0.39595,0,71.6 - 92.5 - 100 - 76.5 - 49.9 - 29.2,37698.42009,---,37698.42009,37698.42009,,,,,,,,,,
11.32_1335.3895m/z,,1335.389512,1,11.32425,0.412433333,0,68.8 - 85.5 - 100 - 72.9 - 50.9,24938.10719,---,24938.10719,24938.10719,,,,,,,,,,
11.37_1056.3109m/z,,1056.310884,1,11.37366667,0.527733333,0,93.2 - 100 - 90.5 - 57.3 - 31.6,30217.6603,---,30217.6603,30217.6603,,,,,,,,,,
11.39_1097.3383m/z,,1097.338317,1,11.39013333,0.5442,0,90.4 - 97.2 - 100 - 73.8 - 39.9 - 16.8,37336.84749,---,37336.84749,37336.84749,,,,,,,,,,
11.42_1217.3086m/z,,1217.308595,1,11.42308333,0.4783,0,85.7 - 97.5 - 100 - 71.7 - 47.4,27002.77888,---,27002.77888,27002.77888,,,,,,,,,,
11.46_338.0931m/z,,338.0931145,1,11.45601667,0.08235,0,100 - 7.97,2847.816545,---,2847.816545,2847.816545,,,,,,,,,,
11.62_952.2483m/z,,952.2482754,1,11.62105,0.313283333,0,100 - 90.6 - 81.2 - 50.2 - 26.6 - 14.1,42396.96269,---,42396.96269,42396.96269,,,,,,,,,,
11.62_993.2735m/z,,993.2735423,1,11.62105,0.32975,0,100 - 94.5 - 90.1 - 54.7 - 31.8 - 15.3 - 9.07,98214.77521,---,98214.77521,98214.77521,,,,,,,,,,
11.64_1381.3767m/z,,1381.376701,1,11.63753333,0.214116667,0,65.1 - 88.2 - 100,5122.313179,---,5122.313179,5122.313179,,,,,,,,,,
11.72_1070.3275m/z,,1070.327485,1,11.71988333,0.280333333,0,90 - 100 - 96.3 - 61.1 - 38.2 - 22.9 - 10.9,51457.50344,---,51457.50344,51457.50344,,,,,,,,,,
11.72_1111.3544m/z,,1111.354414,1,11.71988333,0.230916667,0,88.6 - 99.3 - 100 - 67.7 - 42.7 - 21.1 - 10 - 4.28,63938.55086,---,63938.55086,63938.55086,,,,,,,,,,
11.72_1231.3248m/z,,1231.324768,1,11.71988333,0.692433333,0,79.9 - 94.4 - 100 - 72.8 - 49.2 - 32.1 - 19.4 - 13,131734.544,---,131734.544,131734.544,,,,,,,,,,
11.74_607.5661m/z,,607.5660657,1,11.73635,0.230916667,0,100 - 46.2,4025.634918,---,4025.634918,4025.634918,,,,,,,,,,
11.74_1190.2979m/z,,1190.297854,1,11.73635,0.51125,0,84.5 - 94.5 - 100 - 71.2 - 45.9 - 26.1,43476.68803,---,43476.68803,43476.68803,,,,,,,,,,
11.79_1051.3150m/z,,1051.315012,1,11.78576667,0.115616667,0,96.5 - 93.4 - 100 - 65.9 - 43.1,8730.803943,---,8730.803943,8730.803943,,,,,,,,,,
11.80_647.5578m/z,,647.5578302,1,11.80223333,0.230916667,0,100 - 44.5,3137.993396,---,3137.993396,3137.993396,,,,,,,,,,
11.80_1395.3921m/z,,1395.392072,1,11.80223333,0.197983333,0,64.9 - 85.6 - 100 - 79.3 - 56.6 - 37.4 - 19.6,25864.57562,---,25864.57562,25864.57562,,,,,,,,,,
11.82_1354.3664m/z,,1354.36639,1,11.81903333,0.197983333,0,66.7 - 90.5 - 100 - 77.6 - 53.3 - 32.8 - 19.3,23312.18701,---,23312.18701,23312.18701,,,,,,,,,,
11.84_1007.2899m/z,,1007.28986,1,11.8355,0.21445,0,100 - 97.4 - 91.8 - 57.7 - 32.2 - 19.9 - 7.37 - 2.95,185014.9023,---,185014.9023,185014.9023,,,,,,,,,,
11.84_1176.2893m/z,,1176.289283,1,11.8355,0.247383333,0,84.9 - 99.9 - 100 - 60.1,8219.869732,---,8219.869732,8219.869732,,,,,,,,,,
11.84_1217.3110m/z,,1217.310986,1,11.8355,0.247383333,0,55.6 - 98.7 - 100 - 75.8,8588.190448,---,8588.190448,8588.190448,,,,,,,,,,
11.85_966.2629m/z,,966.2628817,1,11.85196667,0.230933333,0,100 - 93.9 - 89.6 - 51.5 - 28.2 - 14 - 6.58 - 3.28,132565.7649,---,132565.7649,132565.7649,,,,,,,,,,
11.85_1157.3419m/z,,1157.341851,1,11.85196667,0.263866667,0,72.2 - 100 - 89.1 - 65.4 - 46.2,12517.24429,---,12517.24429,12517.24429,,,,,,,,,,
11.87_1116.3161m/z,,1116.316068,1,11.86845,0.148566667,0,98 - 100 - 98.7 - 60.7 - 39.1,12675.62145,---,12675.62145,12675.62145,,,,,,,,,,
11.88_1222.3162n,1222.316162,1245.339819,1,11.88491667,0.494783333,0,86.1 - 100 - 92.3 - 65 - 40.9 - 29.5 - 16.3 - 12 - 7.89 - 4.52 - 1.22,169780.4785,---,169780.4785,169780.4785,,,"M+H-H2O, M+Na",,,,,,,
11.92_1368.3816m/z,,1368.381555,1,11.91785,0.197966667,0,63.7 - 87.3 - 100 - 76.6 - 52.1 - 34.8 - 20.2 - 12.2,43309.45675,---,43309.45675,43309.45675,,,,,,,,,,
11.92_1409.4085m/z,,1409.40848,1,11.91785,0.148233333,0,61.1 - 86.8 - 100 - 81.8 - 56.5 - 42.5 - 28.7 - 20.2,38593.69908,---,38593.69908,38593.69908,,,,,,,,,,
11.93_338.3425m/z,,338.3424724,1,11.93433333,0.280666667,0,100 - 22.4 - 3.03,11105.25069,---,11105.25069,11105.25069,,,,,,,,,,
11.93_846.2919m/z,,846.2919292,1,11.93433333,0.181166667,0,100 - 83.1 - 68.8 - 37.1,6901.876863,---,6901.876863,6901.876863,,,,,,,,,,
11.93_1065.3301m/z,,1065.330079,1,11.93433333,0.098816667,0,98.3 - 94.5 - 100 - 81.9 - 51.8 - 56.3 - 42.1,7790.200975,---,7790.200975,7790.200975,,,,,,,,,,
11.93_1291.3361m/z,,1291.336148,1,11.93433333,0.51125,0,76.1 - 91.1 - 100 - 82.7 - 60.8,30229.63477,---,30229.63477,30229.63477,,,,,,,,,,
11.95_684.6131m/z,,684.6131307,1,11.9508,0.131766667,0,100 - 25.3,1682.758382,---,1682.758382,1682.758382,,,,,,,,,,
11.95_1190.3000m/z,,1190.300011,1,11.9508,0.181183333,0,83 - 94.9 - 100 - 70.2 - 42.6,13074.24512,---,13074.24512,13074.24512,,,,,,,,,,
11.97_596.5976m/z,,596.5976393,1,11.96726667,0.21445,0,100 - 40 - 6.41,5485.379545,---,5485.379545,5485.379545,,,,,,,,,,
11.97_1130.3281m/z,,1130.32806,1,11.96726667,0.362683333,0,100 - 96.4 - 99.3 - 71.8 - 46.6 - 31.4 - 14.3,35089.32331,---,35089.32331,35089.32331,,,,,,,,,,
11.97_1171.3568m/z,,1171.356828,1,11.96726667,0.21445,0,79.8 - 91.1 - 100 - 88.4 - 67.5 - 57.7 - 42.1 - 8.43,17938.77011,---,17938.77011,17938.77011,,,,,,,,,,
11.98_344.3523m/z,,344.3522589,1,11.98373333,0.1153,0,100 - 18.5,1630.100872,---,1630.100872,1630.100872,,,,,,,,,,
11.98_622.6129m/z,,622.6128543,1,11.98373333,0.16505,0,100,1495.387039,---,1495.387039,1495.387039,,,,,,,,,,
11.98_962.2456n,962.2456495,980.279475,1,11.98373333,0.197983333,0,100 - 98 - 93.7 - 54.7 - 29.1 - 14 - 6.1 - 2.8 - 1.24 - 0.568,3235031.308,---,3235031.308,3235031.308,,,"M+NH4, M+K",,,,,,,
11.98_990.2340m/z,,990.2340188,1,11.98373333,0.098816667,0,100 - 31.2,2481.66077,---,2481.66077,2481.66077,,,,,,,,,,
11.98_1013.2564m/z,,1013.256392,1,11.98373333,0.148566667,0,100 - 85.1 - 52.8 - 29.2,7668.847856,---,7668.847856,7668.847856,,,,,,,,,,
11.98_1021.3063m/z,,1021.306269,1,11.98373333,0.2474,0,99.2 - 100 - 94.8 - 56.9 - 30.2 - 17.7 - 10.3 - 6.6 - 0.895 - 0.285,1048776.513,---,1048776.513,1048776.513,,,,,,,,,,
12.05_1178.3147m/z,,1178.314709,1,12.04961667,0.09915,0,100 - 66,2236.275452,---,2236.275452,2236.275452,,,,,,,,,,
12.05_1428.3818m/z,,1428.381843,1,12.04961667,0.165033333,0,60.5 - 84.3 - 100 - 80 - 56.6 - 34.9 - 23.6,21799.12663,---,21799.12663,21799.12663,,,,,,,,,,
12.07_1067.2917m/z,,1067.291663,1,12.06641667,0.1321,0,97.8 - 100 - 96.6 - 69.3 - 45.7 - 30.1 - 16.4,33625.63058,---,33625.63058,33625.63058,,,,,,,,,,
12.07_1144.3460m/z,,1144.345995,1,12.06641667,0.165033333,0,86.3 - 100 - 99.4 - 69.2 - 43.8 - 26.1 - 14.8 - 9.4,45151.4626,---,45151.4626,45151.4626,,,,,,,,,,
12.07_1185.3724m/z,,1185.372403,1,12.06641667,0.148566667,0,83 - 92.9 - 100 - 76.4 - 54 - 64 - 54.1 - 50.8,27077.26216,---,27077.26216,27077.26216,,,,,,,,,,
12.07_1264.3244m/z,,1264.324379,1,12.06641667,0.4289,0,81.4 - 94.1 - 100 - 76.1 - 52.8 - 37.5 - 21.1,69583.42908,---,69583.42908,69583.42908,,,,,,,,,,
12.07_1305.3450m/z,,1305.345029,1,12.06641667,0.395633333,0,69.5 - 87.5 - 100 - 80.4 - 62.1 - 52.6 - 42.4,57353.48578,---,57353.48578,57353.48578,,,,,,,,,,
12.07_1469.4108m/z,,1469.410785,1,12.06641667,0.132083333,0,54 - 82.4 - 100 - 86.2 - 64.1 - 48.7,12240.20844,---,12240.20844,12240.20844,,,,,,,,,,
12.08_1029.2646m/z,,1029.264594,1,12.0829,0.099166667,0,100 - 56.6 - 31.7 - 17.9 - 11.5,15369.17068,---,15369.17068,15369.17068,,,,,,,,,,
12.10_1232.3631m/z,,1232.363123,1,12.09936667,0.1321,0,87.1 - 100 - 90.4 - 68,6827.024046,---,6827.024046,6827.024046,,,,,,,,,,
12.10_1442.4002m/z,,1442.400235,1,12.09936667,0.148566667,0,60 - 81.1 - 100 - 77.3 - 58.6 - 36.5 - 22.4 - 14.1,39555.88786,---,39555.88786,39555.88786,,,,,,,,,,
12.10_1483.4268m/z,,1483.426793,1,12.09936667,0.1153,0,52.7 - 84.8 - 100 - 89.4 - 63.9 - 57.3 - 48.3 - 41.4 - 27.7 - 20.9,29227.77631,---,29227.77631,29227.77631,,,,,,,,,,
12.12_1125.3335m/z,,1125.333472,1,12.11583333,0.065883333,0,92.9 - 87.4 - 100,2808.683346,---,2808.683346,2808.683346,,,,,,,,,,
12.12_1193.3316m/z,,1193.331647,1,12.11583333,0.165033333,0,100 - 68.8 - 50.2,5950.752434,---,5950.752434,5950.752434,,,,,,,,,,
12.13_663.4538m/z,,663.453835,1,12.1323,0.51125,0,100 - 46.6 - 9.76 - 0.334,88957.03672,---,88957.03672,88957.03672,,,,,,,,,,
12.13_794.5848m/z,,794.5848019,1,12.1323,0.51125,0,100 - 52.7 - 17.7,30788.50819,---,30788.50819,30788.50819,,,,,,,,,,
12.13_1278.3323m/z,,1278.332291,1,12.1323,0.5442,0,63.2 - 96.6 - 100 - 72.5 - 42.8 - 29.1 - 18.7 - 12.1,61251.00002,---,61251.00002,61251.00002,,,,,,,,,,
12.13_1319.3580m/z,,1319.358042,1,12.1323,0.197983333,0,70.5 - 88.7 - 100 - 80.4 - 62.7 - 62.9 - 58.4 - 46.5 - 34.2 - 20.6 - 12.8,61684.21777,---,61684.21777,61684.21777,,,,,,,,,,
12.15_312.3269m/z,,312.3268648,1,12.14878333,0.32975,0,100 - 23.2,4335.840131,---,4335.840131,4335.840131,,,,,,,,,,
12.15_750.5588m/z,,750.5587713,1,12.14878333,0.659816667,0,100 - 47.7 - 13.4 - 2.76,179237.0514,---,179237.0514,179237.0514,,,,,,,,,,
12.15_1040.2818m/z,,1040.281807,1,12.14878333,0.181166667,0,98.3 - 100 - 98.8 - 59.7 - 33.8 - 18.2 - 9.41 - 4.78 - 2.07,137626.6449,---,137626.6449,137626.6449,,,,,,,,,,
12.15_1081.3075m/z,,1081.30755,1,12.14878333,0.148233333,0,91.7 - 100 - 98.7 - 73 - 49.9 - 41.7 - 23.3 - 17.2 - 10 - 6.37,87159.35662,---,87159.35662,87159.35662,,,,,,,,,,
12.17_685.4361m/z,,685.4360998,1,12.16525,0.2306,0,100 - 32 - 6.07,9850.851528,---,9850.851528,9850.851528,,,,,,,,,,
12.17_764.5740m/z,,764.5739957,1,12.16525,0.643333333,0,100 - 54.9,25890.88337,---,25890.88337,25890.88337,,,,,,,,,,
12.17_1222.3509n,1222.350872,1205.347583,1,12.16525,0.26385,0,93.3 - 100 - 82 - 60.3 - 37.8 - 33.6 - 15.3 - 8.2 - 6.57,43597.55944,---,43597.55944,43597.55944,,,"M+H-H2O, M+Na",,,,,,,
12.17_1365.3517m/z,,1365.351657,1,12.16525,0.263866667,0,50.9 - 89.6 - 100 - 90.2 - 69.1 - 64.5 - 55.8 - 46.4,23439.92901,---,23439.92901,23439.92901,,,,,,,,,,
12.18_624.2364m/z,,624.2364388,1,12.18171667,0.69275,0,100 - 58.7,8916.901405,---,8916.901405,8916.901405,,,,,,,,,,
12.18_1502.4037m/z,,1502.403655,1,12.18171667,0.181166667,0,52.5 - 78.6 - 100 - 79.8 - 57.3 - 39 - 24.5,18793.63594,---,18793.63594,18793.63594,,,,,,,,,,
12.18_1543.4301m/z,,1543.430136,1,12.18171667,0.082366667,0,53.7 - 77.9 - 100 - 94.3 - 71.1 - 59.2,8296.817123,---,8296.817123,8296.817123,,,,,,,,,,
12.21_537.5353m/z,,537.5352656,1,12.21466667,0.297133333,0,100 - 42.9,3502.092293,---,3502.092293,3502.092293,,,,,,,,,,
12.21_1036.2647n,1036.264735,1054.298561,1,12.21466667,0.165033333,0,94.1 - 100 - 99.5 - 62.2 - 34.9 - 18.4 - 8.71 - 4.42 - 2.03 - 0.903 - 0.378,3516793.303,---,3516793.303,3516793.303,,,"M+NH4, M+K",,,,,,,
12.21_1065.2500m/z,,1065.25003,1,12.21466667,0.065883333,0,100,1452.935799,---,1452.935799,1452.935799,,,,,,,,,,
12.21_1095.3251m/z,,1095.325089,1,12.21466667,0.1815,0,91.7 - 100 - 99.6 - 63.8 - 35.7 - 24.3 - 15.3 - 9.43 - 4.13 - 1.39 - 1.09,655010.8569,---,655010.8569,655010.8569,,,,,,,,,,
12.21_1236.3687n,1236.368747,1219.365458,1,12.21466667,0.131766667,0,92.7 - 100 - 78.7 - 57.6 - 39.9 - 16.9 - 8.52,32704.5403,---,32704.5403,32704.5403,,,"M+H-H2O, M+Na",,,,,,,
12.21_1338.3437m/z,,1338.343693,1,12.21466667,0.395966667,0,77.5 - 90.4 - 100 - 81 - 56.3 - 40.3 - 26.8 - 17.2,60754.32664,---,60754.32664,60754.32664,,,,,,,,,,
12.21_1516.4196m/z,,1516.419557,1,12.21466667,0.148566667,0,56.1 - 84.2 - 100 - 86.7 - 63.9 - 44.9 - 30 - 20.2,27159.15619,---,27159.15619,27159.15619,,,,,,,,,,
12.21_1557.4431m/z,,1557.443093,1,12.21466667,0.131766667,0,55.4 - 81.6 - 100 - 95.7 - 66.2 - 73.1,10638.00287,---,10638.00287,10638.00287,,,,,,,,,,
12.23_1379.3665m/z,,1379.36652,1,12.23113333,0.2968,0,70.4 - 88.9 - 100 - 91 - 74.2 - 73.2 - 65 - 62.2,33570.67198,---,33570.67198,33570.67198,,,,,,,,,,
12.25_712.6455m/z,,712.6454878,1,12.2476,0.115616667,0,100 - 52.6,1432.152617,---,1432.152617,1432.152617,,,,,,,,,,
12.26_624.6329m/z,,624.6328533,1,12.26406667,0.1815,0,100 - 44.6,3638.627483,---,3638.627483,3638.627483,,,,,,,,,,
12.26_1104.2830m/z,,1104.283033,1,12.26406667,0.066216667,0,100 - 59.5 - 36.1 - 20.8,6827.690865,---,6827.690865,6827.690865,,,,,,,,,,
12.26_1141.3146m/z,,1141.314626,1,12.26406667,0.21445,0,85.2 - 100 - 93.5 - 73.8 - 52.9 - 43.9 - 30.3,22190.8966,---,22190.8966,22190.8966,,,,,,,,,,
12.26_1576.4221m/z,,1576.42206,1,12.26406667,0.1321,0,46.5 - 73.8 - 100 - 77.6 - 60.7 - 46.7 - 29.8,14840.64054,---,14840.64054,14840.64054,,,,,,,,,,
12.28_547.5177n,547.5177342,565.5668047,1,12.28053333,0.4289,0,100 - 37.6,9046.057098,---,9046.057098,9046.057098,,,"M+H-2H2O, M+NH4",,,,,,,
12.28_650.6444m/z,,650.6444289,1,12.28053333,0.082683333,0,100 - 70.9,1383.488518,---,1383.488518,1383.488518,,,,,,,,,,
12.28_698.2549m/z,,698.2549141,1,12.28053333,0.742166667,0,100 - 71.4 - 57.6 - 15.2,20955.54778,---,20955.54778,20955.54778,,,,,,,,,,
12.28_1278.3627m/z,,1278.362747,1,12.28053333,0.247383333,0,81.6 - 95.9 - 100 - 68.4 - 44.9 - 30.7 - 19.3,27689.09481,---,27689.09481,27689.09481,,,,,,,,,,
12.28_1319.3935m/z,,1319.393497,1,12.28053333,0.09915,0,65.7 - 83.2 - 90.8 - 77.4 - 64.2 - 100 - 76.3 - 59.4,12530.02817,---,12530.02817,12530.02817,,,,,,,,,,
12.28_1352.3594m/z,,1352.359353,1,12.28053333,0.4289,0,73.6 - 93 - 100 - 81.2 - 58.7 - 40.2 - 28.3 - 20.7,67907.54503,---,67907.54503,67907.54503,,,,,,,,,,
12.28_1393.3844m/z,,1393.384359,1,12.28053333,0.21445,0,57.2 - 77.4 - 87.9 - 79.8 - 63.8 - 93.2 - 100 - 98.8 - 74.8 - 49,47347.81271,---,47347.81271,47347.81271,,,,,,,,,,
12.28_1590.4371m/z,,1590.437057,1,12.28053333,0.115616667,0,49.7 - 77.7 - 100 - 90.7 - 63.2 - 48.6 - 31.1 - 22.5,23715.4526,---,23715.4526,23715.4526,,,,,,,,,,
12.30_1439.3717m/z,,1439.371659,1,12.29701667,0.1815,0,74.2 - 91 - 100 - 93.6 - 78.8 - 73.9,13500.69544,---,13500.69544,13500.69544,,,,,,,,,,
12.30_1592.4989n,1592.498889,1631.462047,1,12.29701667,0.09915,0,77.5 - 95.4 - 100 - 54.3 - 43 - 43.6,13271.8683,---,13271.8683,13271.8683,,,"M+K, M+2Na-H",,,,,,,
12.31_540.5353m/z,,540.5352925,1,12.31348333,0.346216667,0,100 - 26.1,4643.12061,---,4643.12061,4643.12061,,,,,,,,,,
12.31_772.2736m/z,,772.2735941,1,12.31348333,0.560666667,0,100 - 71.7,7240.593407,---,7240.593407,7240.593407,,,,,,,,,,
12.31_1114.3003m/z,,1114.30029,1,12.31348333,0.181516667,0,88.1 - 98.5 - 100 - 65.6 - 39.6 - 22.5 - 11.7 - 6.62,112974.2775,---,112974.2775,112974.2775,,,,,,,,,,
12.31_1155.3260m/z,,1155.326023,1,12.31348333,0.1321,0,86.3 - 99.3 - 100 - 92.3 - 63.8 - 67.2 - 54.1 - 43.8 - 27.2 - 15.7 - 2.26,56026.6451,---,56026.6451,56026.6451,,,,,,,,,,
12.31_1292.3835m/z,,1292.383475,1,12.31348333,0.1321,0,70.7 - 88.8 - 100 - 78.1 - 52.8 - 37.3 - 23.5,23686.22169,---,23686.22169,23686.22169,,,,,,,,,,
12.31_1333.4099m/z,,1333.409935,1,12.31348333,0.082683333,0,66.2 - 81 - 99.1 - 100 - 76.6,6466.104656,---,6466.104656,6466.104656,,,,,,,,,,
12.33_1412.3626m/z,,1412.362641,1,12.33028333,0.247383333,0,69.8 - 88.7 - 100 - 79.7 - 61.6 - 42.5 - 29.5 - 21.2,46491.71195,---,46491.71195,46491.71195,,,,,,,,,,
12.33_1453.3852m/z,,1453.385172,1,12.33028333,0.181516667,0,66.2 - 82.9 - 100 - 92.1 - 73 - 79.3 - 71.5,23070.0925,---,23070.0925,23070.0925,,,,,,,,,,
12.33_1650.4391m/z,,1650.43907,1,12.33028333,0.099166667,0,49.3 - 73 - 100 - 91.5 - 70.9 - 51.9,9635.153563,---,9635.153563,9635.153563,,,,,,,,,,
12.35_328.3218m/z,,328.3217645,1,12.34675,0.148566667,0,100 - 21.3,2146.896415,---,2146.896415,2146.896415,,,,,,,,,,
12.35_1664.4552m/z,,1664.455199,1,12.34675,0.115616667,0,45.7 - 74.9 - 100 - 90.1 - 69.3 - 47.9 - 30.5,13681.09106,---,13681.09106,13681.09106,,,,,,,,,,
12.36_1110.2832n,1110.283203,1128.317029,1,12.36321667,0.165033333,0,84 - 96.3 - 100 - 66.7 - 39 - 21.6 - 10.9 - 5.73 - 2.84 - 1.39 - 0.62 - 0.27,3414046.425,---,3414046.425,3414046.425,,,"M+NH4, M+K",,,,,,,
12.36_1169.3435m/z,,1169.343481,1,12.36321667,0.165033333,0,80.9 - 95.4 - 100 - 67.6 - 39.3 - 25.4 - 15.9 - 10.7 - 6.35 - 3.79 - 2.48 - 0.806,609577.5653,---,609577.5653,609577.5653,,,,,,,,,,
12.36_1426.3786m/z,,1426.378558,1,12.36321667,0.313283333,0,65.9 - 89 - 100 - 85.3 - 65.9 - 46.9 - 33.7 - 23.2,48249.34553,---,48249.34553,48249.34553,,,,,,,,,,
12.36_1467.4069m/z,,1467.406885,1,12.36321667,0.197966667,0,62.4 - 82.4 - 100 - 95.9,11896.55809,---,11896.55809,11896.55809,,,,,,,,,,
12.38_1471.4039m/z,,1471.403876,1,12.3797,0.230933333,0,57.3 - 87.7 - 94.4 - 100 - 85.9 - 60.1 - 46.8 - 30.3,27726.54357,---,27726.54357,27726.54357,,,,,,,,,,
12.40_383.2047m/z,,383.2046983,1,12.39616667,0.412433333,0,100 - 22.3,9735.569819,---,9735.569819,9735.569819,,,,,,,,,,
12.40_568.5667m/z,,568.5667201,1,12.39616667,0.610066667,0,100,3585.095679,---,3585.095679,3585.095679,,,,,,,,,,
12.40_1197.2996n,1197.299557,1215.331837,1,12.39616667,0.1153,0,96.9 - 100 - 85.3 - 73.9 - 58.4 - 52.4,17024.78587,---,17024.78587,17024.78587,,,"M+H-H2O, M+NH4",,,,,,,
12.40_1514.3894m/z,,1514.389411,1,12.39616667,0.165033333,0,88.1 - 100 - 99.3,5690.81933,---,5690.81933,5690.81933,,,,,,,,,,
12.41_1366.4028m/z,,1366.4028,1,12.41263333,0.065883333,0,100,1965.630615,---,1965.630615,1965.630615,,,,,,,,,,
12.41_1367.4023m/z,,1367.402323,1,12.41263333,0.131766667,0,80.7 - 100 - 78.1 - 52.9 - 40.4 - 28,14165.49457,---,14165.49457,14165.49457,,,,,,,,,,
12.41_1408.4288m/z,,1408.428793,1,12.41263333,0.065883333,0,82.8 - 100 - 85.4,2989.002751,---,2989.002751,2989.002751,,,,,,,,,,
12.43_1188.3181m/z,,1188.318056,1,12.4291,0.148233333,0,77.9 - 90.7 - 100 - 68.8 - 42.7 - 25.6 - 14.7 - 8.71 - 4.7,87266.76548,---,87266.76548,87266.76548,,,,,,,,,,
12.43_1229.3443m/z,,1229.344328,1,12.4291,0.1153,0,61.7 - 90.6 - 100 - 93.7 - 72.9 - 76.2 - 58.9 - 45.7 - 33.7 - 20.9 - 12.1,44703.89204,---,44703.89204,44703.89204,,,,,,,,,,
12.43_1486.3834m/z,,1486.38339,1,12.4291,0.2474,0,67.3 - 88.5 - 100 - 86.4 - 67.5 - 47.3 - 33.4 - 18.5,36695.98161,---,36695.98161,36695.98161,,,,,,,,,,
12.43_1527.4019m/z,,1527.401929,1,12.4291,0.164716667,0,55.4 - 79.6 - 100 - 92.3 - 71.3 - 80 - 75.5,17616.13264,---,17616.13264,17616.13264,,,,,,,,,,
12.45_1542.4263m/z,,1542.426253,1,12.44558333,0.1647,0,88.5 - 100 - 98.6,7294.247871,---,7294.247871,7294.247871,,,,,,,,,,
12.46_1500.3984m/z,,1500.398402,1,12.46205,0.297133333,0,65.3 - 84 - 100 - 82 - 66.1 - 50.1 - 34.8,34300.26283,---,34300.26283,34300.26283,,,,,,,,,,
12.46_1545.4249m/z,,1545.424899,1,12.46205,0.181166667,0,56.1 - 85.5 - 99.9 - 100 - 86.5 - 64.4 - 50.2,19974.08974,---,19974.08974,19974.08974,,,,,,,,,,
12.48_1184.3017n,1184.301736,1202.335562,1,12.47851667,0.16505,0,100 - 0.272 - 0.298 - 0.195,541366.5892,---,541366.5892,541366.5892,,,"M+NH4, M+K",,,,,,,
12.48_1214.2860m/z,,1214.285951,1,12.47851667,0.049416667,0,100,1130.720955,---,1130.720955,1130.720955,,,,,,,,,,
12.48_1220.3396n,1220.339636,1203.336348,1,12.47851667,0.181516667,0,90.4 - 100 - 76.2 - 48.8 - 28 - 15.4 - 8.56 - 4.67 - 2.51 - 1.26 - 0.676 - 0.247,3181598.492,---,3181598.492,3181598.492,,,"M+H-H2O, M+Na",,,,,,,
12.48_1440.4201m/z,,1440.420084,1,12.47851667,0.148233333,0,58.3 - 89.6 - 100 - 74.3 - 50.9 - 38,10453.48138,---,10453.48138,10453.48138,,,,,,,,,,
12.51_952.7755m/z,,952.7755264,1,12.51146667,0.065883333,0,75 - 100 - 65.1,2233.919498,---,2233.919498,2233.919498,,,,,,,,,,
12.51_953.2751m/z,,953.2750941,1,12.51146667,0.065883333,0,100 - 76.6,1572.564308,---,1572.564308,1572.564308,,,,,,,,,,
12.51_1289.3528m/z,,1289.352802,1,12.51146667,0.131766667,0,78.1 - 99.6 - 100 - 91.9 - 77.3 - 69.7,13219.03394,---,13219.03394,13219.03394,,,,,,,,,,
12.51_1560.4013m/z,,1560.401315,1,12.51146667,0.197966667,0,100,3269.493263,---,3269.493263,3269.493263,,,,,,,,,,
12.51_1561.3990m/z,,1561.398981,1,12.51146667,0.197983333,0,86.7 - 100 - 84.9 - 70 - 48 - 32.1,21410.39547,---,21410.39547,21410.39547,,,,,,,,,,
12.51_1602.4237m/z,,1602.423739,1,12.51146667,0.148566667,0,69.8 - 100 - 90.3 - 71.4,7322.105301,---,7322.105301,7322.105301,,,,,,,,,,
12.54_117.9908m/z,,117.9908261,1,12.5444,0.26385,0,100 - 16.5,2671.689674,---,2671.689674,2671.689674,,,,,,,,,,
12.54_983.7751m/z,,983.7751476,1,12.5444,0.0494,0,100 - 62,999.2603149,---,999.2603149,999.2603149,,,,,,,,,,
12.54_1262.3367m/z,,1262.336749,1,12.5444,0.1321,0,76.6 - 95.6 - 100 - 79 - 49.4 - 32.1 - 17.7 - 11.6 - 5.59,60223.56731,---,60223.56731,60223.56731,,,,,,,,,,
12.54_1303.3625m/z,,1303.36246,1,12.5444,0.115616667,0,74.5 - 86.4 - 100 - 99.2 - 77.1 - 79.1 - 69.6 - 60 - 40 - 24.8,34857.02716,---,34857.02716,34857.02716,,,,,,,,,,
12.54_1514.4381m/z,,1514.438143,1,12.5444,0.082683333,0,51.1 - 79.4 - 100 - 80.5 - 68.1 - 45,7214.635424,---,7214.635424,7214.635424,,,,,,,,,,
12.54_1574.4168m/z,,1574.416841,1,12.5444,0.247383333,0,60.6 - 81.5 - 100 - 85 - 70.6 - 54.2,21806.9288,---,21806.9288,21806.9288,,,,,,,,,,
12.54_1616.4404m/z,,1616.440446,1,12.5444,0.09915,0,88.4 - 100 - 93.1 - 86.9,6248.393299,---,6248.393299,6248.393299,,,,,,,,,,
12.54_1620.4203m/z,,1620.420348,1,12.5444,0.197983333,0,84.7 - 94.3 - 100 - 99.2 - 65.1,11614.9637,---,11614.9637,11614.9637,,,,,,,,,,
12.56_990.7835m/z,,990.7835204,1,12.56086667,0.082683333,0,100 - 65.8,1990.935513,---,1990.935513,1990.935513,,,,,,,,,,
12.58_990.2843m/z,,990.2843279,1,12.57766667,0.066216667,0,99.4 - 100 - 50.4,2620.947243,---,2620.947243,2620.947243,,,,,,,,,,
12.59_1020.7862m/z,,1020.786183,1,12.59415,0.065883333,0,100 - 83.7,1335.561619,---,1335.561619,1335.561619,,,,,,,,,,
12.59_1275.3474n,1275.347437,1276.354714,1,12.59415,0.1815,0,67.3 - 89.6 - 100 - 74.1 - 47.3 - 28.1 - 15.3 - 8.37 - 4.25 - 2.24 - 1.1 - 0.493,2573304.857,---,2573304.857,2573304.857,,,"M+H, M+Na",,,,,,,
12.59_1317.3808m/z,,1317.380838,1,12.59415,0.165033333,0,64.8 - 88.7 - 100 - 73.9 - 46.8 - 28.4 - 16.1 - 9.8 - 5.75 - 3.31 - 2.07 - 1.22,596229.7146,---,596229.7146,596229.7146,,,,,,,,,,
12.59_1634.4222m/z,,1634.422174,1,12.59415,0.165033333,0,62.9 - 81.3 - 100 - 96.2 - 76.8 - 54.5,14603.38998,---,14603.38998,14603.38998,,,,,,,,,,
12.61_1020.2849m/z,,1020.284866,1,12.61061667,0.082683333,0,100 - 84.5,1645.277517,---,1645.277517,1645.277517,,,,,,,,,,
12.61_1363.3708m/z,,1363.370845,1,12.61061667,0.132083333,0,74.1 - 93.3 - 100 - 94.9 - 80.9,9792.883677,---,9792.883677,9792.883677,,,,,,,,,,
12.63_1026.7935m/z,,1026.793479,1,12.62708333,0.08235,0,100,976.0881958,---,976.0881958,976.0881958,,,,,,,,,,
12.63_1027.2935m/z,,1027.293498,1,12.62708333,0.08235,0,99.6 - 100 - 57.7,3806.925705,---,3806.925705,3806.925705,,,,,,,,,,
12.63_1027.7922m/z,,1027.792188,1,12.62708333,0.08235,0,100 - 62.6 - 32.9,2951.260685,---,2951.260685,2951.260685,,,,,,,,,,
12.63_1648.4388m/z,,1648.438793,1,12.62708333,0.197983333,0,30 - 78.4 - 100 - 84.7 - 74.2 - 56.5,13560.55381,---,13560.55381,13560.55381,,,,,,,,,,
12.64_266.0367m/z,,266.0367092,1,12.64355,0.379483333,0,100 - 56.2,3675.661098,---,3675.661098,3675.661098,,,,,,,,,,
12.64_1336.3552m/z,,1336.355245,1,12.64355,0.098816667,0,66.5 - 87.5 - 100 - 76.8 - 53.6 - 35.9 - 19.4 - 12.7,41857.1388,---,41857.1388,41857.1388,,,,,,,,,,
12.64_1377.3794m/z,,1377.379364,1,12.64355,0.131766667,0,71.9 - 92.8 - 98.6 - 100 - 83.3 - 82.4 - 72 - 58.9 - 45.1 - 25.9,29106.04204,---,29106.04204,29106.04204,,,,,,,,,,
12.66_1057.7937m/z,,1057.793708,1,12.66001667,0.065883333,0,100 - 81.9,1881.195503,---,1881.195503,1881.195503,,,,,,,,,,
12.66_1058.2934m/z,,1058.293397,1,12.66001667,0.098816667,0,100 - 55.7,1890.914858,---,1890.914858,1890.914858,,,,,,,,,,
12.68_1063.8020m/z,,1063.801963,1,12.6765,0.08235,0,100,1075.031311,---,1075.031311,1075.031311,,,,,,,,,,
12.68_1064.3021m/z,,1064.30207,1,12.6765,0.098833333,0,100 - 97.9 - 57.4 - 20.1,4803.478384,---,4803.478384,4803.478384,,,,,,,,,,
12.68_1064.8021m/z,,1064.802058,1,12.6765,0.098833333,0,100 - 83.2 - 46.3,3885.157095,---,3885.157095,3885.157095,,,,,,,,,,
12.69_1349.3663n,1349.366329,1350.373606,1,12.69296667,0.181183333,0,100 - 0.462 - 0.362,275814.9765,---,275814.9765,275814.9765,,,"M+H, M+Na",,,,,,,
12.69_1362.3254m/z,,1362.325439,1,12.69296667,0.082366667,0,100 - 31.7,1884.973825,---,1884.973825,1884.973825,,,,,,,,,,
12.69_1368.3775n,1368.377515,1351.374227,1,12.69296667,0.164716667,0,100 - 98 - 76.2 - 50.7 - 31.1 - 17 - 9.44 - 5.23 - 2.75 - 1.39 - 0.695,1810482.735,---,1810482.735,1810482.735,,,"M+H-H2O, M+Na",,,,,,,
12.69_1392.4003m/z,,1392.400334,1,12.69296667,0.181516667,0,84.9 - 100 - 78.3 - 51.6 - 30.5 - 17.2 - 10 - 5.49 - 3.07 - 1.99 - 1.05,503232.8636,---,503232.8636,503232.8636,,,,,,,,,,
12.71_1094.3027m/z,,1094.302714,1,12.70943333,0.098816667,0,91.7 - 100 - 66.6,3177.008316,---,3177.008316,3177.008316,,,,,,,,,,
12.71_1094.8020m/z,,1094.802045,1,12.70943333,0.08235,0,100 - 90.1,2142.278399,---,2142.278399,2142.278399,,,,,,,,,,
12.73_1437.3884m/z,,1437.388377,1,12.7259,0.098833333,0,73.4 - 89.9 - 100 - 95.7 - 77.6,7878.697445,---,7878.697445,7878.697445,,,,,,,,,,
12.74_1100.8121m/z,,1100.812126,1,12.74238333,0.08235,0,100,1396.398438,---,1396.398438,1396.398438,,,,,,,,,,
12.74_1101.3116m/z,,1101.31155,1,12.74238333,0.098833333,0,91.4 - 100 - 60.9 - 26.6,6133.929588,---,6133.929588,6133.929588,,,,,,,,,,
12.74_1101.8111m/z,,1101.811134,1,12.74238333,0.115633333,0,100 - 76.9 - 37.4,4911.611332,---,4911.611332,4911.611332,,,,,,,,,,
12.74_1124.3052m/z,,1124.305227,1,12.74238333,0.08235,0,91.7 - 100,1832.949333,---,1832.949333,1832.949333,,,,,,,,,,
12.76_1131.8131m/z,,1131.813125,1,12.75885,0.115633333,0,100 - 78.2 - 44.2,3284.328303,---,3284.328303,3284.328303,,,,,,,,,,
12.76_1132.3131m/z,,1132.313069,1,12.75885,0.099166667,0,100 - 62.2 - 23.4,2895.016605,---,2895.016605,2895.016605,,,,,,,,,,
12.76_1410.3735m/z,,1410.373511,1,12.75885,0.115633333,0,100,3798.602966,---,3798.602966,3798.602966,,,,,,,,,,
12.76_1428.3776n,1428.377599,1411.37431,1,12.75885,0.1321,0,85.3 - 100 - 94.4 - 75.9 - 54.9 - 45.8 - 36.1 - 21.4 - 15.8,47399.25058,---,47399.25058,47399.25058,,,"M+H-H2O, M+Na",,,,,,,
12.81_1138.8203m/z,,1138.820341,1,12.80826667,0.09915,0,100 - 83.4 - 43.1,5180.730047,---,5180.730047,5180.730047,,,,,,,,,,
12.81_1139.3199m/z,,1139.319909,1,12.80826667,0.09915,0,100 - 57.4 - 29,4420.943718,---,4420.943718,4420.943718,,,,,,,,,,
12.81_1424.3925m/z,,1424.392491,1,12.80826667,0.1815,0,100,186878.0314,---,186878.0314,186878.0314,,,,,,,,,,
12.81_1436.3446m/z,,1436.344648,1,12.80826667,0.066216667,0,100 - 39.3,1963.739986,---,1963.739986,1963.739986,,,,,,,,,,
12.81_1442.3965n,1442.396456,1425.393168,1,12.80826667,0.1815,0,100 - 99.8 - 80.6 - 56 - 34.8 - 19.6 - 11.4 - 6.33 - 3.42 - 1.75 - 0.87,1428652.082,---,1428652.082,1428652.082,,,"M+H-H2O, M+Na",,,,,,,
12.81_1466.4191m/z,,1466.419089,1,12.80826667,0.1815,0,82.1 - 100 - 81.7 - 56 - 34.2 - 18.7 - 10.7 - 5.92 - 3.08 - 1.81 - 1.04,479136.536,---,479136.536,479136.536,,,,,,,,,,
12.83_1137.8208m/z,,1137.820764,1,12.82506667,0.082683333,0,100,1199.138115,---,1199.138115,1199.138115,,,,,,,,,,
12.83_1138.3207m/z,,1138.320664,1,12.82506667,0.09915,0,100,1885.774597,---,1885.774597,1885.774597,,,,,,,,,,
12.83_1168.3216m/z,,1168.321596,1,12.82506667,0.09915,0,71.6 - 100 - 70.9 - 42.6,4524.821781,---,4524.821781,4524.821781,,,,,,,,,,
12.84_1168.8204m/z,,1168.82037,1,12.84153333,0.082683333,0,100 - 76.3 - 41.3,3546.737356,---,3546.737356,3546.737356,,,,,,,,,,
12.86_116.1441m/z,,116.1440786,1,12.858,6.89365,0,100 - 8,3636555.264,---,3636555.264,3636555.264,,,,,,,,,,
12.86_1198.8225m/z,,1198.822467,1,12.858,0.08235,0,100 - 89.4,2258.928722,---,2258.928722,2258.928722,,,,,,,,,,
12.86_1525.4184m/z,,1525.418403,1,12.858,0.098816667,0,49.5 - 77.8 - 100 - 92.8 - 72.3 - 79.6 - 64.1,15242.47059,---,15242.47059,15242.47059,,,,,,,,,,
12.87_1174.8307m/z,,1174.830722,1,12.87446667,0.08235,0,100,1444.422367,---,1444.422367,1444.422367,,,,,,,,,,
12.87_1175.3297m/z,,1175.32972,1,12.87446667,0.098816667,0,68.2 - 100 - 70.7 - 37.4,6870.087425,---,6870.087425,6870.087425,,,,,,,,,,
12.87_1175.8291m/z,,1175.829115,1,12.87446667,0.115283333,0,100 - 78 - 50 - 21.7,6840.210781,---,6840.210781,6840.210781,,,,,,,,,,
12.87_1199.3222m/z,,1199.322189,1,12.87446667,0.065883333,0,100 - 71.9,1679.069405,---,1679.069405,1679.069405,,,,,,,,,,
12.87_1484.3927m/z,,1484.392746,1,12.87446667,0.098816667,0,54.9 - 80.5 - 100 - 84.1 - 63.9 - 39 - 22,19611.4076,---,19611.4076,19611.4076,,,,,,,,,,
12.91_1205.3303m/z,,1205.330299,1,12.90741667,0.1153,0,98.6 - 100 - 74.1 - 28.2,5337.396732,---,5337.396732,5337.396732,,,,,,,,,,
12.91_1205.8308m/z,,1205.830843,1,12.90741667,0.098833333,0,100 - 86.5 - 60.4,3635.623058,---,3635.623058,3635.623058,,,,,,,,,,
12.91_1498.4110m/z,,1498.410998,1,12.90741667,0.181183333,0,49.2 - 79.4 - 100 - 84.9 - 61.2 - 38.8 - 22.8 - 13.3 - 7.41 - 4.26 - 2.2 - 1.09,1195205.163,---,1195205.163,1195205.163,,,,,,,,,,
12.91_1540.4378m/z,,1540.437813,1,12.90741667,0.181183333,0,79 - 100 - 84.2 - 59.8 - 36.9 - 21.7 - 11.6 - 6.36 - 3.46 - 1.93,420576.1822,---,420576.1822,420576.1822,,,,,,,,,,
12.92_1539.4363m/z,,1539.436347,1,12.92388333,0.164716667,0,100,49078.919,---,49078.919,49078.919,,,,,,,,,,
12.94_1211.8394m/z,,1211.839441,1,12.94035,0.08235,0,100,1209.368782,---,1209.368782,1209.368782,,,,,,,,,,
12.94_1212.3394m/z,,1212.339375,1,12.94035,0.098816667,0,100,2082.624067,---,2082.624067,2082.624067,,,,,,,,,,
12.94_1212.8384m/z,,1212.838425,1,12.94035,0.098816667,0,100 - 88.5 - 49.9 - 22.2,7208.623803,---,7208.623803,7208.623803,,,,,,,,,,
12.94_1235.8318m/z,,1235.831823,1,12.94035,0.098816667,0,100 - 98.1,2342.480453,---,2342.480453,2342.480453,,,,,,,,,,
12.96_1212.3312n,1212.331236,1213.338513,1,12.95681667,0.115283333,0,100 - 86 - 50.3,8535.46521,---,8535.46521,8535.46521,,,"M+H, M+Na",,,,,,,
12.97_1242.3401m/z,,1242.340078,1,12.9733,0.1153,0,59.7 - 100 - 68.3 - 41,4953.597968,---,4953.597968,4953.597968,,,,,,,,,,
12.97_1242.8400m/z,,1242.840039,1,12.9733,0.098833333,0,100 - 96 - 59,4046.257996,---,4046.257996,4046.257996,,,,,,,,,,
12.97_1558.4128m/z,,1558.412849,1,12.9733,0.1153,0,53.4 - 80.8 - 100 - 89.2 - 68.3 - 46.9 - 29.1,13045.91567,---,13045.91567,13045.91567,,,,,,,,,,
12.97_1599.4387m/z,,1599.438729,1,12.9733,0.098833333,0,46.8 - 80.6 - 94.1 - 100 - 77.1 - 72.4,9812.39292,---,9812.39292,9812.39292,,,,,,,,,,
13.01_1248.8484m/z,,1248.848423,1,13.00623333,0.082683333,0,100,1205.630428,---,1205.630428,1205.630428,,,,,,,,,,
13.02_1249.3481m/z,,1249.34805,1,13.0227,0.115616667,0,80.5 - 100 - 74.7 - 36.8,8241.867609,---,8241.867609,8241.867609,,,,,,,,,,
13.02_1249.8488m/z,,1249.848753,1,13.0227,0.115616667,0,98.6 - 100 - 60.5 - 28.5,7481.036125,---,7481.036125,7481.036125,,,,,,,,,,
13.02_1272.3430m/z,,1272.343045,1,13.0227,0.08235,0,88.5 - 100 - 75.3,2832.176338,---,2832.176338,2832.176338,,,,,,,,,,
13.02_1572.4292m/z,,1572.42923,1,13.0227,0.1815,0,100,82544.2226,---,82544.2226,82544.2226,,,,,,,,,,
13.02_1590.4342n,1590.434185,1573.430896,1,13.0227,0.1815,0,95.4 - 100 - 87.8 - 64.1 - 42.4 - 25.7 - 15.2 - 8.66 - 4.92 - 2.65 - 1.4,844069.2903,---,844069.2903,844069.2903,,,"M+H-H2O, M+Na",,,,,,,
13.02_1614.4562m/z,,1614.456205,1,13.0227,0.1815,0,75.6 - 100 - 88.1 - 65.6 - 42.1 - 24.4 - 13.6 - 7.2 - 3.67 - 2.08,342487.4651,---,342487.4651,342487.4651,,,,,,,,,,
13.06_1279.3495m/z,,1279.349475,1,13.05565,0.1321,0,81 - 100 - 78.1 - 44.8,5954.619135,---,5954.619135,5954.619135,,,,,,,,,,
13.06_1279.8489m/z,,1279.848852,1,13.05565,0.082683333,0,100 - 94.8 - 62.3,4186.11821,---,4186.11821,4186.11821,,,,,,,,,,
13.07_1632.4300m/z,,1632.430048,1,13.07245,0.082683333,0,51.2 - 79.1 - 100 - 93.3 - 71.2 - 49.7,8193.630991,---,8193.630991,8193.630991,,,,,,,,,,
13.09_1286.3585m/z,,1286.358462,1,13.08891667,0.09915,0,74.4 - 100 - 71.8 - 41,8581.756443,---,8581.756443,8581.756443,,,,,,,,,,
13.09_1286.8583m/z,,1286.858299,1,13.08891667,0.09915,0,100 - 99.2 - 63.2 - 30,8107.535885,---,8107.535885,8107.535885,,,,,,,,,,
13.09_1309.3523m/z,,1309.352318,1,13.08891667,0.09915,0,57.9 - 100 - 64.8,2979.145884,---,2979.145884,2979.145884,,,,,,,,,,
13.09_1674.4580m/z,,1674.457957,1,13.08891667,0.082683333,0,78.3 - 89.5 - 100 - 79.6,5017.499321,---,5017.499321,5017.499321,,,,,,,,,,
13.11_1285.8569m/z,,1285.856919,1,13.10538333,0.115616667,0,100,1291.849005,---,1291.849005,1291.849005,,,,,,,,,,
13.14_1316.8583m/z,,1316.858333,1,13.13833333,0.082366667,0,100 - 96.2 - 64.4,3783.797791,---,3783.797791,3783.797791,,,,,,,,,,
13.14_1317.3577m/z,,1317.357723,1,13.13833333,0.098833333,0,100 - 85.2,3038.393974,---,3038.393974,3038.393974,,,,,,,,,,
13.14_1646.4471m/z,,1646.447089,1,13.13833333,0.181183333,0,100,49942.12084,---,49942.12084,49942.12084,,,,,,,,,,
13.14_1664.4523n,1664.452269,1647.44898,1,13.13833333,0.214116667,0,91.4 - 100 - 91.5 - 70 - 45.9 - 28.8 - 17.4 - 10.3 - 6.09 - 3.41 - 1.78,585863.4378,---,585863.4378,585863.4378,,,"M+H-H2O, M+Na",,,,,,,
13.14_1688.4742m/z,,1688.474172,1,13.13833333,0.164716667,0,73.2 - 100 - 91.7 - 70.9 - 46.4 - 28.2 - 15.9 - 8.53 - 4.41 - 2.24,255082.3638,---,255082.3638,255082.3638,,,,,,,,,,
13.17_1323.8666m/z,,1323.866578,1,13.17126667,0.1153,0,100 - 98.9 - 68.7 - 33.9,7790.736895,---,7790.736895,7790.736895,,,,,,,,,,
13.19_1322.8659m/z,,1322.865889,1,13.18775,0.08235,0,100,1124.277534,---,1124.277534,1124.277534,,,,,,,,,,
13.19_1323.3674m/z,,1323.36739,1,13.18775,0.1153,0,62.1 - 100 - 77.6 - 45.2 - 22.9,8872.679825,---,8872.679825,8872.679825,,,,,,,,,,
13.19_1347.3606m/z,,1347.360623,1,13.18775,0.08235,0,100 - 80.2,2256.291264,---,2256.291264,2256.291264,,,,,,,,,,
13.22_1353.3691m/z,,1353.369076,1,13.22068333,0.1153,0,74.3 - 100 - 88.3 - 48.9,5308.108728,---,5308.108728,5308.108728,,,,,,,,,,
13.22_1353.8678m/z,,1353.867848,1,13.22068333,0.098816667,0,96.9 - 100 - 70.6,4050.650139,---,4050.650139,4050.650139,,,,,,,,,,
13.25_1360.3764m/z,,1360.376433,1,13.25363333,0.09915,0,100,1727.955139,---,1727.955139,1727.955139,,,,,,,,,,
13.25_1360.8766m/z,,1360.876572,1,13.25363333,0.09915,0,93.5 - 100 - 72.3 - 39.1,7534.96064,---,7534.96064,7534.96064,,,,,,,,,,
13.25_1383.8718m/z,,1383.87185,1,13.25363333,0.09915,0,84.3 - 100 - 49.3,2953.733887,---,2953.733887,2953.733887,,,,,,,,,,
13.27_1361.3763m/z,,1361.376337,1,13.2701,0.115633333,0,100 - 73.6 - 46.3 - 23.9,6698.185055,---,6698.185055,6698.185055,,,,,,,,,,
13.30_1390.8788m/z,,1390.878807,1,13.30303333,0.09915,0,95 - 100 - 70.2,3801.572508,---,3801.572508,3801.572508,,,,,,,,,,
13.30_1391.3789m/z,,1391.378876,1,13.30303333,0.09915,0,100 - 83.6 - 53.8,3721.571949,---,3721.571949,3721.571949,,,,,,,,,,
13.35_1397.3869m/z,,1397.38688,1,13.35278333,0.098833333,0,100,1537.730103,---,1537.730103,1537.730103,,,,,,,,,,
13.35_1397.8854m/z,,1397.885446,1,13.35278333,0.1321,0,79.9 - 100 - 68.6 - 37.5,7406.276612,---,7406.276612,7406.276612,,,,,,,,,,
13.35_1398.3858m/z,,1398.385843,1,13.35278333,0.115633333,0,100 - 93.4 - 48.2,6053.908833,---,6053.908833,6053.908833,,,,,,,,,,
13.39_1427.8873m/z,,1427.887302,1,13.38571667,0.098816667,0,91.8 - 100 - 72.1,3679.848518,---,3679.848518,3679.848518,,,,,,,,,,
13.40_301.1419m/z,,301.1418783,1,13.4022,6.448283333,0,100 - 17.1,1956160.195,---,1956160.195,1956160.195,,,,,,,,,,
13.45_1434.8958m/z,,1434.895801,1,13.4516,0.115283333,0,83 - 100 - 78.6 - 36.8,7286.431469,---,7286.431469,7286.431469,,,,,,,,,,
13.45_1435.3951m/z,,1435.395137,1,13.4516,0.115283333,0,100 - 85.2 - 52.4 - 27.2,6597.527519,---,6597.527519,6597.527519,,,,,,,,,,
13.50_1464.3939m/z,,1464.393856,1,13.50101667,0.1153,0,41.2 - 100 - 88.1,3071.4771,---,3071.4771,3071.4771,,,,,,,,,,
13.53_1471.9049m/z,,1471.904895,1,13.53395,0.115633333,0,81.3 - 100 - 73.4 - 37,6507.613459,---,6507.613459,6507.613459,,,,,,,,,,
13.53_1472.4022m/z,,1472.402232,1,13.53395,0.115633333,0,100 - 98 - 61.3,5155.931086,---,5155.931086,5155.931086,,,,,,,,,,
13.63_1508.4145m/z,,1508.414514,1,13.63311667,0.1153,0,35.7 - 100 - 93.5 - 57.9,5703.835571,---,5703.835571,5703.835571,,,,,,,,,,
13.63_1508.9131m/z,,1508.913089,1,13.63311667,0.098833333,0,85.7 - 100 - 77.1 - 45.6,5765.376209,---,5765.376209,5765.376209,,,,,,,,,,
13.73_1545.4228m/z,,1545.422781,1,13.73193333,0.098816667,0,64.7 - 100 - 89.5 - 61.7,5300.851887,---,5300.851887,5300.851887,,,,,,,,,,
13.75_1545.9237m/z,,1545.923689,1,13.7484,0.098816667,0,80.7 - 100 - 86.5 - 48.7,5438.458679,---,5438.458679,5438.458679,,,,,,,,,,
13.86_1582.9305m/z,,1582.93048,1,13.86403333,0.099166667,0,68.2 - 100 - 77.8,3750.54377,---,3750.54377,3750.54377,,,,,,,,,,
13.86_1583.4308m/z,,1583.430837,1,13.86403333,0.082683333,0,94.3 - 100 - 63.9,3829.119652,---,3829.119652,3829.119652,,,,,,,,,,
13.96_1619.9411m/z,,1619.941113,1,13.96285,0.098816667,0,68.1 - 100 - 72.6,3252.015556,---,3252.015556,3252.015556,,,,,,,,,,
14.05_267.0350m/z,,267.0350477,1,14.0452,0.39595,0,100 - 75.3,6065.029421,---,6065.029421,6065.029421,,,,,,,,,,
14.67_367.0165m/z,,367.016531,1,14.67208333,1.071916667,0,100 - 44.8,15801.89816,---,15801.89816,15801.89816,,,,,,,,,,
14.92_182.9996m/z,,182.9995995,1,14.91946667,1.550216667,0,100 - 54.7,11839.3614,---,11839.3614,11839.3614,,,,,,,,,,
14.97_224.0029n,224.0029432,225.0102197,1,14.96888333,7.306083333,0,100 - 21.1,487105.9331,---,487105.9331,487105.9331,,,"M+H, M+Na",,,,,,,
15.18_267.0356m/z,,267.0356367,1,15.18333333,0.4783,0,100 - 74,7998.319641,---,7998.319641,7998.319641,,,,,,,,,,
15.36_142.0355m/z,,142.0354942,1,15.36483333,6.844233333,0,100 - 19.3 - 15.1,1458573.283,---,1458573.283,1458573.283,,,,,,,,,,
15.41_286.0626m/z,,286.0625706,1,15.41425,0.032933333,0,100 - 91.5 - 25.5,1982.800583,---,1982.800583,1982.800583,,,,,,,,,,
15.69_389.0160m/z,,389.0160364,1,15.69458333,3.512866667,0,100 - 39,67165.3103,---,67165.3103,67165.3103,,,,,,,,,,
15.84_286.0466m/z,,286.046589,1,15.84315,0.049416667,0,59.3 - 100 - 12.9,2032.481748,---,2032.481748,2032.481748,,,,,,,,,,
15.89_266.0366m/z,,266.0366407,1,15.89255,0.46185,0,100 - 51 - 38,14661.03598,---,14661.03598,14661.03598,,,,,,,,,,
15.93_102.1281m/z,,102.1281155,1,15.9255,6.431816667,0,100 - 7.35,661079.0669,---,661079.0669,661079.0669,,,,,,,,,,
15.94_286.0465m/z,,286.0464941,1,15.94196667,0.049416667,0,65 - 100 - 14.1,1997.633997,---,1997.633997,1997.633997,,,,,,,,,,
16.02_117.9908m/z,,117.9908487,1,16.02431667,0.395966667,0,100 - 16.8,4470.720258,---,4470.720258,4470.720258,,,,,,,,,,
16.07_507.3294m/z,,507.3294168,1,16.07406667,5.623766667,0,100 - 32.7 - 0.323,221095.1991,---,221095.1991,221095.1991,,,,,,,,,,
16.24_286.0641m/z,,286.0640655,1,16.23876667,0.098816667,0,100 - 91.3 - 17.2,4278.180564,---,4278.180564,4278.180564,,,,,,,,,,
16.68_463.3034m/z,,463.303387,1,16.68413333,5.244616667,0,100 - 31,214731.6367,---,214731.6367,214731.6367,,,,,,,,,,
16.70_286.0624m/z,,286.0624164,1,16.70061667,0.065866667,0,100 - 92.6 - 16.4,2821.280129,---,2821.280129,2821.280129,,,,,,,,,,
17.23_286.0638m/z,,286.063777,1,17.22833333,0.0494,0,84 - 100 - 21.7,2119.019803,---,2119.019803,2119.019803,,,,,,,,,,
17.31_771.4863m/z,,771.4862624,1,17.31068333,0.725366667,0,100 - 40.3,11089.3615,---,11089.3615,11089.3615,,,,,,,,,,
17.61_286.0460m/z,,286.045956,1,17.60781667,0.032933333,0,51.1 - 100,1043.584732,---,1043.584732,1043.584732,,,,,,,,,,
17.84_126.1280m/z,,126.1280059,1,17.83873333,0.066216667,0,100 - 19.4,703.8055534,---,703.8055534,703.8055534,,,,,,,,,,
18.32_429.2438m/z,,429.2437938,1,18.31706667,0.198,0,100 - 22.9,2271.492355,---,2271.492355,2271.492355,,,,,,,,,,
18.33_378.3349m/z,,378.3349135,1,18.33353333,0.214483333,0,100 - 22.5,2665.489428,---,2665.489428,2665.489428,,,,,,,,,,
18.37_305.1579m/z,,305.157949,1,18.36648333,0.165033333,0,100 - 11.9,2965.574039,---,2965.574039,2965.574039,,,,,,,,,,
18.40_104.9926m/z,,104.9925616,1,18.39941667,6.184766667,0,100,58657.39627,---,58657.39627,58657.39627,,,,,,,,,,
18.40_163.9688m/z,,163.9688183,1,18.39941667,0.21445,0,100 - 9.45,2278.234336,---,2278.234336,2278.234336,,,,,,,,,,
18.40_186.9957m/z,,186.9956553,1,18.39941667,0.461866667,0,100,1423.573366,---,1423.573366,1423.573366,,,,,,,,,,
18.40_269.0012m/z,,269.0012486,1,18.39941667,0.39565,0,100,2662.841674,---,2662.841674,2662.841674,,,,,,,,,,
18.40_279.9856n,279.9856417,262.9823535,1,18.39941667,0.247416667,0,100 - 10.9,9112.445305,---,9112.445305,9112.445305,,,"M+H-H2O, M+H, M+Na",,,,,,,
18.40_322.9907m/z,,322.9906864,1,18.39941667,1.682333333,0,100 - 25.3,39256.76666,---,39256.76666,39256.76666,,,,,,,,,,
18.40_329.0076m/z,,329.0076192,1,18.39941667,0.247416667,0,100 - 23.7,5818.105898,---,5818.105898,5818.105898,,,,,,,,,,
18.40_344.9849m/z,,344.984891,1,18.39941667,0.148233333,0,100 - 11.3,3044.622496,---,3044.622496,3044.622496,,,,,,,,,,
18.40_349.0004m/z,,349.0004231,1,18.39941667,0.098816667,0,100 - 28.2,1180.315089,---,1180.315089,1180.315089,,,,,,,,,,
18.40_404.9932m/z,,404.9931754,1,18.39941667,0.247416667,0,100 - 19.5,3919.562108,---,3919.562108,3919.562108,,,,,,,,,,
18.42_165.9657m/z,,165.9656658,1,18.41588333,0.1647,0,100 - 9.01,1162.899281,---,1162.899281,1162.899281,,,,,,,,,,
18.42_167.9644m/z,,167.9644184,1,18.41588333,0.115283333,0,100,625.1458445,---,625.1458445,625.1458445,,,,,,,,,,
18.42_256.9653m/z,,256.9653367,1,18.41588333,3.05105,0,100,20866.16344,---,20866.16344,20866.16344,,,,,,,,,,
18.42_267.0017m/z,,267.0017386,1,18.41588333,0.1647,0,100,1899.757942,---,1899.757942,1899.757942,,,,,,,,,,
18.47_263.2699m/z,,263.2698654,1,18.4653,0.247383333,0,100,1235.838213,---,1235.838213,1235.838213,,,,,,,,,,
18.48_146.1544m/z,,146.1543649,1,18.48176667,0.049416667,0,100 - 9.1,647.2183681,---,647.2183681,647.2183681,,,,,,,,,,
18.48_161.9716m/z,,161.9715902,1,18.48176667,0.098816667,0,100 - 22.7,733.0987539,---,733.0987539,733.0987539,,,,,,,,,,
18.48_164.9210m/z,,164.9209566,1,18.48176667,0.346216667,0,100,1471.153419,---,1471.153419,1471.153419,,,,,,,,,,
18.48_382.1192m/z,,382.1191566,1,18.48176667,0.1815,0,100,996.5862312,---,996.5862312,996.5862312,,,,,,,,,,
18.50_136.9219m/z,,136.9219165,1,18.49825,0.148566667,0,100,449.0134476,---,449.0134476,449.0134476,,,,,,,,,,
18.50_262.8885m/z,,262.8884709,1,18.49825,0.132083333,0,100,533.3319159,---,533.3319159,533.3319159,,,,,,,,,,
18.50_355.8901m/z,,355.8900944,1,18.49825,0.099166667,0,100,589.337047,---,589.337047,589.337047,,,,,,,,,,
18.50_440.1722m/z,,440.1721809,1,18.49825,0.115283333,0,100 - 13.6,2355.131935,---,2355.131935,2355.131935,,,,,,,,,,
18.50_455.2078m/z,,455.2078163,1,18.49825,0.230916667,0,100 - 17.1,2449.270462,---,2449.270462,2449.270462,,,,,,,,,,
18.51_499.2344m/z,,499.2343599,1,18.51471667,0.230916667,0,100 - 16.6,3360.023997,---,3360.023997,3360.023997,,,,,,,,,,
18.51_513.2494m/z,,513.2494031,1,18.51471667,0.197983333,0,100 - 20.5,3042.332043,---,3042.332043,3042.332043,,,,,,,,,,
18.63_119.1251m/z,,119.1250707,1,18.63033333,0.643183333,0,100,1668.368042,---,1668.368042,1668.368042,,,,,,,,,,
18.94_120.9825m/z,,120.9824732,1,18.94376667,0.643183333,0,100,4027.09911,---,4027.09911,4027.09911,,,,,,,,,,
18.98_181.0339m/z,,181.0339005,1,18.97671667,0.2805,0,100,1226.009785,---,1226.009785,1226.009785,,,,,,,,,,
18.99_118.0864m/z,,118.0863669,1,18.99318333,0.494933333,0,100,4259.536044,---,4259.536044,4259.536044,,,,,,,,,,
18.99_208.0873m/z,,208.0872954,1,18.99318333,0.08235,0,100 - 15,1033.235168,---,1033.235168,1033.235168,,,,,,,,,,
18.99_209.9150m/z,,209.9150194,1,18.99318333,0.198133333,0,100,658.3921762,---,658.3921762,658.3921762,,,,,,,,,,
18.99_246.2069m/z,,246.206905,1,18.99318333,0.41225,0,100,1662.21238,---,1662.21238,1662.21238,,,,,,,,,,
18.99_370.9629m/z,,370.9629138,1,18.99318333,0.264016667,0,100,1425.700662,---,1425.700662,1425.700662,,,,,,,,,,
18.99_429.0165m/z,,429.0165389,1,18.99318333,0.198133333,0,100,1497.355095,---,1497.355095,1497.355095,,,,,,,,,,
